email,name,attribs
mairieabergementclemenciat@gmail.com,L'ABERGEMENT-CLÉMENCIAT,"{""nom_commune"": ""L'ABERGEMENT-CLÉMENCIAT"", ""departement_numero"": ""1"", ""zipcode"": ""01400"", ""population_commune"": ""780"", ""code_insee"": ""1001"", ""city"": ""L'ABERGEMENT-CLÉMENCIAT"", ""state"": ""AIN""}"
mairie@abergement-de-varey.fr,L'ABERGEMENT-DE-VAREY,"{""nom_commune"": ""L'ABERGEMENT-DE-VAREY"", ""departement_numero"": ""1"", ""zipcode"": ""01640"", ""population_commune"": ""234"", ""code_insee"": ""1002"", ""city"": ""L'ABERGEMENT-DE-VAREY"", ""state"": ""AIN""}"
accueil@ville-amberieu.fr,AMBÉRIEU-EN-BUGEY,"{""nom_commune"": ""AMBÉRIEU-EN-BUGEY"", ""departement_numero"": ""1"", ""zipcode"": ""01504"", ""population_commune"": ""13839"", ""code_insee"": ""1004"", ""city"": ""AMBÉRIEU-EN-BUGEY"", ""state"": ""AIN""}"
mairie@amberieux-en-dombes.fr,AMBÉRIEUX-EN-DOMBES,"{""nom_commune"": ""AMBÉRIEUX-EN-DOMBES"", ""departement_numero"": ""1"", ""zipcode"": ""01330"", ""population_commune"": ""1600"", ""code_insee"": ""1005"", ""city"": ""AMBÉRIEUX-EN-DOMBES"", ""state"": ""AIN""}"
commune-ambleon@wanadoo.fr,AMBLÉON,"{""nom_commune"": ""AMBLÉON"", ""departement_numero"": ""1"", ""zipcode"": ""01300"", ""population_commune"": ""112"", ""code_insee"": ""1006"", ""city"": ""AMBLÉON"", ""state"": ""AIN""}"
accueil@ambronay.fr,AMBRONAY,"{""nom_commune"": ""AMBRONAY"", ""departement_numero"": ""1"", ""zipcode"": ""01500"", ""population_commune"": ""2365"", ""code_insee"": ""1007"", ""city"": ""AMBRONAY"", ""state"": ""AIN""}"
mairie.ambutrix@wanadoo.fr,AMBUTRIX,"{""nom_commune"": ""AMBUTRIX"", ""departement_numero"": ""1"", ""zipcode"": ""01500"", ""population_commune"": ""734"", ""code_insee"": ""1008"", ""city"": ""AMBUTRIX"", ""state"": ""AIN""}"
mairie@andertetcondon.fr,ANDERT-ET-CONDON,"{""nom_commune"": ""ANDERT-ET-CONDON"", ""departement_numero"": ""1"", ""zipcode"": ""01300"", ""population_commune"": ""339"", ""code_insee"": ""1009"", ""city"": ""ANDERT-ET-CONDON"", ""state"": ""AIN""}"
mairie.anglefort@gmail.com,ANGLEFORT,"{""nom_commune"": ""ANGLEFORT"", ""departement_numero"": ""1"", ""zipcode"": ""01350"", ""population_commune"": ""1031"", ""code_insee"": ""1010"", ""city"": ""ANGLEFORT"", ""state"": ""AIN""}"
mairie@apremont-ain.fr,APREMONT,"{""nom_commune"": ""APREMONT"", ""departement_numero"": ""1"", ""zipcode"": ""01100"", ""population_commune"": ""374"", ""code_insee"": ""1011"", ""city"": ""APREMONT"", ""state"": ""AIN""}"
mairie.apremont-sur-aire@wanadoo.fr,APREMONT,"{""nom_commune"": ""APREMONT"", ""departement_numero"": ""8"", ""zipcode"": ""08250"", ""population_commune"": ""374"", ""code_insee"": ""1011"", ""city"": ""APREMONT"", ""state"": ""AIN""}"
accueil@mairieapremont.fr,APREMONT,"{""nom_commune"": ""APREMONT"", ""departement_numero"": ""60"", ""zipcode"": ""60300"", ""population_commune"": ""374"", ""code_insee"": ""1011"", ""city"": ""APREMONT"", ""state"": ""AIN""}"
mairieapremont@wanadoo.fr,APREMONT,"{""nom_commune"": ""APREMONT"", ""departement_numero"": ""70"", ""zipcode"": ""70100"", ""population_commune"": ""374"", ""code_insee"": ""1011"", ""city"": ""APREMONT"", ""state"": ""AIN""}"
accueil@mairie-apremont.com,APREMONT,"{""nom_commune"": ""APREMONT"", ""departement_numero"": ""73"", ""zipcode"": ""73190"", ""population_commune"": ""374"", ""code_insee"": ""1011"", ""city"": ""APREMONT"", ""state"": ""AIN""}"
mairie@apremont85.fr,APREMONT,"{""nom_commune"": ""APREMONT"", ""departement_numero"": ""85"", ""zipcode"": ""85220"", ""population_commune"": ""374"", ""code_insee"": ""1011"", ""city"": ""APREMONT"", ""state"": ""AIN""}"
mairie.aranc@wanadoo.fr,ARANC,"{""nom_commune"": ""ARANC"", ""departement_numero"": ""1"", ""zipcode"": ""01110"", ""population_commune"": ""306"", ""code_insee"": ""1012"", ""city"": ""ARANC"", ""state"": ""AIN""}"
mairie.arandas@orange.fr,ARANDAS,"{""nom_commune"": ""ARANDAS"", ""departement_numero"": ""1"", ""zipcode"": ""01230"", ""population_commune"": ""162"", ""code_insee"": ""1013"", ""city"": ""ARANDAS"", ""state"": ""AIN""}"
mairie@arbent.fr,ARBENT,"{""nom_commune"": ""ARBENT"", ""departement_numero"": ""1"", ""zipcode"": ""01100"", ""population_commune"": ""3458"", ""code_insee"": ""1014"", ""city"": ""ARBENT"", ""state"": ""AIN""}"
mairie@arbigny.com,ARBIGNY,"{""nom_commune"": ""ARBIGNY"", ""departement_numero"": ""1"", ""zipcode"": ""01190"", ""population_commune"": ""405"", ""code_insee"": ""1016"", ""city"": ""ARBIGNY"", ""state"": ""AIN""}"
mairieargis01@orange.fr,ARGIS,"{""nom_commune"": ""ARGIS"", ""departement_numero"": ""1"", ""zipcode"": ""01230"", ""population_commune"": ""421"", ""code_insee"": ""1017"", ""city"": ""ARGIS"", ""state"": ""AIN""}"
mairie.armix@wanadoo.fr,ARMIX,"{""nom_commune"": ""ARMIX"", ""departement_numero"": ""1"", ""zipcode"": ""01510"", ""population_commune"": ""20"", ""code_insee"": ""1019"", ""city"": ""ARMIX"", ""state"": ""AIN""}"
mairie@ars-sur-formans.fr,ARS-SUR-FORMANS,"{""nom_commune"": ""ARS-SUR-FORMANS"", ""departement_numero"": ""1"", ""zipcode"": ""01480"", ""population_commune"": ""1374"", ""code_insee"": ""1021"", ""city"": ""ARS-SUR-FORMANS"", ""state"": ""AIN""}"
mairie@artemare.fr,ARTEMARE,"{""nom_commune"": ""ARTEMARE"", ""departement_numero"": ""1"", ""zipcode"": ""01510"", ""population_commune"": ""1140"", ""code_insee"": ""1022"", ""city"": ""ARTEMARE"", ""state"": ""AIN""}"
asnieres.saone.mairie@wanadoo.fr,ASNIÈRES-SUR-SAÔNE,"{""nom_commune"": ""ASNIÈRES-SUR-SAÔNE"", ""departement_numero"": ""1"", ""zipcode"": ""01570"", ""population_commune"": ""73"", ""code_insee"": ""1023"", ""city"": ""ASNIÈRES-SUR-SAÔNE"", ""state"": ""AIN""}"
accueil@attignat.fr,ATTIGNAT,"{""nom_commune"": ""ATTIGNAT"", ""departement_numero"": ""1"", ""zipcode"": ""01340"", ""population_commune"": ""3023"", ""code_insee"": ""1024"", ""city"": ""ATTIGNAT"", ""state"": ""AIN""}"
mairie@bage-le-chatel.fr,BÂGÉ-LE-CHÂTEL,"{""nom_commune"": ""BÂGÉ-LE-CHÂTEL"", ""departement_numero"": ""1"", ""zipcode"": ""01380"", ""population_commune"": ""786"", ""code_insee"": ""1026"", ""city"": ""BÂGÉ-LE-CHÂTEL"", ""state"": ""AIN""}"
infos@ville-balan.fr,BALAN,"{""nom_commune"": ""BALAN"", ""departement_numero"": ""1"", ""zipcode"": ""01360"", ""population_commune"": ""2498"", ""code_insee"": ""1027"", ""city"": ""BALAN"", ""state"": ""AIN""}"
balan08@wanadoo.fr,BALAN,"{""nom_commune"": ""BALAN"", ""departement_numero"": ""8"", ""zipcode"": ""08200"", ""population_commune"": ""2498"", ""code_insee"": ""1027"", ""city"": ""BALAN"", ""state"": ""AIN""}"
communebaneins@wanadoo.fr,BANEINS,"{""nom_commune"": ""BANEINS"", ""departement_numero"": ""1"", ""zipcode"": ""01990"", ""population_commune"": ""567"", ""code_insee"": ""1028"", ""city"": ""BANEINS"", ""state"": ""AIN""}"
mairie@beaupont.fr,BEAUPONT,"{""nom_commune"": ""BEAUPONT"", ""departement_numero"": ""1"", ""zipcode"": ""01270"", ""population_commune"": ""650"", ""code_insee"": ""1029"", ""city"": ""BEAUPONT"", ""state"": ""AIN""}"
contact@mairie-beauregard.fr,BEAUREGARD,"{""nom_commune"": ""BEAUREGARD"", ""departement_numero"": ""1"", ""zipcode"": ""01480"", ""population_commune"": ""867"", ""code_insee"": ""1030"", ""city"": ""BEAUREGARD"", ""state"": ""AIN""}"
commune-de-beauregard@orange.fr,BEAUREGARD,"{""nom_commune"": ""BEAUREGARD"", ""departement_numero"": ""46"", ""zipcode"": ""46260"", ""population_commune"": ""867"", ""code_insee"": ""1030"", ""city"": ""BEAUREGARD"", ""state"": ""AIN""}"
marie-helene.perrin@bellignat.fr,BELLIGNAT,"{""nom_commune"": ""BELLIGNAT"", ""departement_numero"": ""1"", ""zipcode"": ""01100"", ""population_commune"": ""3590"", ""code_insee"": ""1031"", ""city"": ""BELLIGNAT"", ""state"": ""AIN""}"
mairie@ville-beligneux.fr,BÉLIGNEUX,"{""nom_commune"": ""BÉLIGNEUX"", ""departement_numero"": ""1"", ""zipcode"": ""01360"", ""population_commune"": ""3040"", ""code_insee"": ""1032"", ""city"": ""BÉLIGNEUX"", ""state"": ""AIN""}"
mairie@belley.fr,BELLEY,"{""nom_commune"": ""BELLEY"", ""departement_numero"": ""1"", ""zipcode"": ""01300"", ""population_commune"": ""8761"", ""code_insee"": ""1034"", ""city"": ""BELLEY"", ""state"": ""AIN""}"
mairie@belleydoux.fr,BELLEYDOUX,"{""nom_commune"": ""BELLEYDOUX"", ""departement_numero"": ""1"", ""zipcode"": ""01130"", ""population_commune"": ""323"", ""code_insee"": ""1035"", ""city"": ""BELLEYDOUX"", ""state"": ""AIN""}"
mairie@benonces.com,BÉNONCES,"{""nom_commune"": ""BÉNONCES"", ""departement_numero"": ""1"", ""zipcode"": ""01470"", ""population_commune"": ""273"", ""code_insee"": ""1037"", ""city"": ""BÉNONCES"", ""state"": ""AIN""}"
mairie@beny01.fr,BÉNY,"{""nom_commune"": ""BÉNY"", ""departement_numero"": ""1"", ""zipcode"": ""01370"", ""population_commune"": ""714"", ""code_insee"": ""1038"", ""city"": ""BÉNY"", ""state"": ""AIN""}"
secretariat@commune-bereziat.fr,BÉRÉZIAT,"{""nom_commune"": ""BÉRÉZIAT"", ""departement_numero"": ""1"", ""zipcode"": ""01340"", ""population_commune"": ""446"", ""code_insee"": ""1040"", ""city"": ""BÉRÉZIAT"", ""state"": ""AIN""}"
mairiedebettant@wanadoo.fr,BETTANT,"{""nom_commune"": ""BETTANT"", ""departement_numero"": ""1"", ""zipcode"": ""01500"", ""population_commune"": ""731"", ""code_insee"": ""1041"", ""city"": ""BETTANT"", ""state"": ""AIN""}"
mairie.bey@free.fr,BEY,"{""nom_commune"": ""BEY"", ""departement_numero"": ""1"", ""zipcode"": ""01290"", ""population_commune"": ""247"", ""code_insee"": ""1042"", ""city"": ""BEY"", ""state"": ""AIN""}"
mairie.bey.71@wanadoo.fr,BEY,"{""nom_commune"": ""BEY"", ""departement_numero"": ""71"", ""zipcode"": ""71620"", ""population_commune"": ""247"", ""code_insee"": ""1042"", ""city"": ""BEY"", ""state"": ""AIN""}"
accueil@ville-beynost.fr,BEYNOST,"{""nom_commune"": ""BEYNOST"", ""departement_numero"": ""1"", ""zipcode"": ""01704"", ""population_commune"": ""4471"", ""code_insee"": ""1043"", ""city"": ""BEYNOST"", ""state"": ""AIN""}"
communedebilliat@wanadoo.fr,BILLIAT,"{""nom_commune"": ""BILLIAT"", ""departement_numero"": ""1"", ""zipcode"": ""01200"", ""population_commune"": ""516"", ""code_insee"": ""1044"", ""city"": ""BILLIAT"", ""state"": ""AIN""}"
mairiebirieux@gmail.com,BIRIEUX,"{""nom_commune"": ""BIRIEUX"", ""departement_numero"": ""1"", ""zipcode"": ""01330"", ""population_commune"": ""251"", ""code_insee"": ""1045"", ""city"": ""BIRIEUX"", ""state"": ""AIN""}"
mairiedebiziat@gmail.com,BIZIAT,"{""nom_commune"": ""BIZIAT"", ""departement_numero"": ""1"", ""zipcode"": ""01290"", ""population_commune"": ""807"", ""code_insee"": ""1046"", ""city"": ""BIZIAT"", ""state"": ""AIN""}"
mairie.de.blyes@orange.fr,BLYES,"{""nom_commune"": ""BLYES"", ""departement_numero"": ""1"", ""zipcode"": ""01150"", ""population_commune"": ""907"", ""code_insee"": ""1047"", ""city"": ""BLYES"", ""state"": ""AIN""}"
mairie@mairie-la-boisse.fr,LA BOISSE,"{""nom_commune"": ""LA BOISSE"", ""departement_numero"": ""1"", ""zipcode"": ""01120"", ""population_commune"": ""2908"", ""code_insee"": ""1049"", ""city"": ""LA BOISSE"", ""state"": ""AIN""}"
boissey.mairie@wanadoo.fr,BOISSEY,"{""nom_commune"": ""BOISSEY"", ""departement_numero"": ""1"", ""zipcode"": ""01190"", ""population_commune"": ""292"", ""code_insee"": ""1050"", ""city"": ""BOISSEY"", ""state"": ""AIN""}"
mairie.bolozon@orange.fr,BOLOZON,"{""nom_commune"": ""BOLOZON"", ""departement_numero"": ""1"", ""zipcode"": ""01450"", ""population_commune"": ""92"", ""code_insee"": ""1051"", ""city"": ""BOLOZON"", ""state"": ""AIN""}"
mairie.bouligneux@gmail.com,BOULIGNEUX,"{""nom_commune"": ""BOULIGNEUX"", ""departement_numero"": ""1"", ""zipcode"": ""01330"", ""population_commune"": ""309"", ""code_insee"": ""1052"", ""city"": ""BOULIGNEUX"", ""state"": ""AIN""}"
mairie@bourgenbresse.fr,BOURG-EN-BRESSE,"{""nom_commune"": ""BOURG-EN-BRESSE"", ""departement_numero"": ""1"", ""zipcode"": ""01000"", ""population_commune"": ""39882"", ""code_insee"": ""1053"", ""city"": ""BOURG-EN-BRESSE"", ""state"": ""AIN""}"
bscmairie@orange.fr,BOURG-SAINT-CHRISTOPHE,"{""nom_commune"": ""BOURG-SAINT-CHRISTOPHE"", ""departement_numero"": ""1"", ""zipcode"": ""01800"", ""population_commune"": ""1201"", ""code_insee"": ""1054"", ""city"": ""BOURG-SAINT-CHRISTOPHE"", ""state"": ""AIN""}"
maire@boyeuxsaintjerome.fr,BOYEUX-SAINT-JÉRÔME,"{""nom_commune"": ""BOYEUX-SAINT-JÉRÔME"", ""departement_numero"": ""1"", ""zipcode"": ""01640"", ""population_commune"": ""339"", ""code_insee"": ""1056"", ""city"": ""BOYEUX-SAINT-JÉRÔME"", ""state"": ""AIN""}"
mairie@communeboz.fr,BOZ,"{""nom_commune"": ""BOZ"", ""departement_numero"": ""1"", ""zipcode"": ""01190"", ""population_commune"": ""498"", ""code_insee"": ""1057"", ""city"": ""BOZ"", ""state"": ""AIN""}"
mairie@bregnier-cordon.fr,BRÉGNIER-CORDON,"{""nom_commune"": ""BRÉGNIER-CORDON"", ""departement_numero"": ""1"", ""zipcode"": ""01300"", ""population_commune"": ""862"", ""code_insee"": ""1058"", ""city"": ""BRÉGNIER-CORDON"", ""state"": ""AIN""}"
contact@brenod.com,BRÉNOD,"{""nom_commune"": ""BRÉNOD"", ""departement_numero"": ""1"", ""zipcode"": ""01110"", ""population_commune"": ""543"", ""code_insee"": ""1060"", ""city"": ""BRÉNOD"", ""state"": ""AIN""}"
mairie.brens@wanadoo.fr,BRENS,"{""nom_commune"": ""BRENS"", ""departement_numero"": ""1"", ""zipcode"": ""01300"", ""population_commune"": ""1184"", ""code_insee"": ""1061"", ""city"": ""BRENS"", ""state"": ""AIN""}"
mairie-de-brens@wanadoo.fr,BRENS,"{""nom_commune"": ""BRENS"", ""departement_numero"": ""81"", ""zipcode"": ""81600"", ""population_commune"": ""1184"", ""code_insee"": ""1061"", ""city"": ""BRENS"", ""state"": ""AIN""}"
mairiebressolles@hotmail.com,BRESSOLLES,"{""nom_commune"": ""BRESSOLLES"", ""departement_numero"": ""1"", ""zipcode"": ""01360"", ""population_commune"": ""742"", ""code_insee"": ""1062"", ""city"": ""BRESSOLLES"", ""state"": ""AIN""}"
mairie.bressolles@wanadoo.fr,BRESSOLLES,"{""nom_commune"": ""BRESSOLLES"", ""departement_numero"": ""3"", ""zipcode"": ""03000"", ""population_commune"": ""742"", ""code_insee"": ""1062"", ""city"": ""BRESSOLLES"", ""state"": ""AIN""}"
mairie@brion01.fr,BRION,"{""nom_commune"": ""BRION"", ""departement_numero"": ""1"", ""zipcode"": ""01460"", ""population_commune"": ""522"", ""code_insee"": ""1063"", ""city"": ""BRION"", ""state"": ""AIN""}"
biblio.brion@orange.fr,BRION,"{""nom_commune"": ""BRION"", ""departement_numero"": ""36"", ""zipcode"": ""36110"", ""population_commune"": ""522"", ""code_insee"": ""1063"", ""city"": ""BRION"", ""state"": ""AIN""}"
mairie.brion38@wanadoo.fr,BRION,"{""nom_commune"": ""BRION"", ""departement_numero"": ""38"", ""zipcode"": ""38590"", ""population_commune"": ""522"", ""code_insee"": ""1063"", ""city"": ""BRION"", ""state"": ""AIN""}"
commune-de-brion0978@orange.fr,BRION,"{""nom_commune"": ""BRION"", ""departement_numero"": ""48"", ""zipcode"": ""48310"", ""population_commune"": ""522"", ""code_insee"": ""1063"", ""city"": ""BRION"", ""state"": ""AIN""}"
mairiebrion.setl@wanadoo.fr,BRION,"{""nom_commune"": ""BRION"", ""departement_numero"": ""71"", ""zipcode"": ""71190"", ""population_commune"": ""522"", ""code_insee"": ""1063"", ""city"": ""BRION"", ""state"": ""AIN""}"
contact@brion86.fr,BRION,"{""nom_commune"": ""BRION"", ""departement_numero"": ""86"", ""zipcode"": ""86160"", ""population_commune"": ""522"", ""code_insee"": ""1063"", ""city"": ""BRION"", ""state"": ""AIN""}"
mairie-brion89@wanadoo.fr,BRION,"{""nom_commune"": ""BRION"", ""departement_numero"": ""89"", ""zipcode"": ""89400"", ""population_commune"": ""522"", ""code_insee"": ""1063"", ""city"": ""BRION"", ""state"": ""AIN""}"
briord.commune@orange.fr,BRIORD,"{""nom_commune"": ""BRIORD"", ""departement_numero"": ""1"", ""zipcode"": ""01470"", ""population_commune"": ""902"", ""code_insee"": ""1064"", ""city"": ""BRIORD"", ""state"": ""AIN""}"
accueil@buellas.fr,BUELLAS,"{""nom_commune"": ""BUELLAS"", ""departement_numero"": ""1"", ""zipcode"": ""01310"", ""population_commune"": ""1694"", ""code_insee"": ""1065"", ""city"": ""BUELLAS"", ""state"": ""AIN""}"
mairie.burbanche1@orange.fr,LA BURBANCHE,"{""nom_commune"": ""LA BURBANCHE"", ""departement_numero"": ""1"", ""zipcode"": ""01510"", ""population_commune"": ""74"", ""code_insee"": ""1066"", ""city"": ""LA BURBANCHE"", ""state"": ""AIN""}"
mairie-de-ceignes@wanadoo.fr,CEIGNES,"{""nom_commune"": ""CEIGNES"", ""departement_numero"": ""1"", ""zipcode"": ""01430"", ""population_commune"": ""261"", ""code_insee"": ""1067"", ""city"": ""CEIGNES"", ""state"": ""AIN""}"
cerdon.mairie@wanadoo.fr,CERDON,"{""nom_commune"": ""CERDON"", ""departement_numero"": ""1"", ""zipcode"": ""01450"", ""population_commune"": ""741"", ""code_insee"": ""1068"", ""city"": ""CERDON"", ""state"": ""AIN""}"
mairie.cerdon@wanadoo.fr,CERDON,"{""nom_commune"": ""CERDON"", ""departement_numero"": ""45"", ""zipcode"": ""45620"", ""population_commune"": ""741"", ""code_insee"": ""1068"", ""city"": ""CERDON"", ""state"": ""AIN""}"
mairie@certines.fr,CERTINES,"{""nom_commune"": ""CERTINES"", ""departement_numero"": ""1"", ""zipcode"": ""01240"", ""population_commune"": ""1447"", ""code_insee"": ""1069"", ""city"": ""CERTINES"", ""state"": ""AIN""}"
mairie-cessy@mairie-cessy.fr,CESSY,"{""nom_commune"": ""CESSY"", ""departement_numero"": ""1"", ""zipcode"": ""01170"", ""population_commune"": ""4167"", ""code_insee"": ""1071"", ""city"": ""CESSY"", ""state"": ""AIN""}"
commune.ceyzeriat@orange.fr,CEYZÉRIAT,"{""nom_commune"": ""CEYZÉRIAT"", ""departement_numero"": ""1"", ""zipcode"": ""01250"", ""population_commune"": ""2838"", ""code_insee"": ""1072"", ""city"": ""CEYZÉRIAT"", ""state"": ""AIN""}"
mairie@ceyzerieu.fr,CEYZÉRIEU,"{""nom_commune"": ""CEYZÉRIEU"", ""departement_numero"": ""1"", ""zipcode"": ""01350"", ""population_commune"": ""954"", ""code_insee"": ""1073"", ""city"": ""CEYZÉRIEU"", ""state"": ""AIN""}"
contact@mairie-chalamont.fr,CHALAMONT,"{""nom_commune"": ""CHALAMONT"", ""departement_numero"": ""1"", ""zipcode"": ""01320"", ""population_commune"": ""2365"", ""code_insee"": ""1074"", ""city"": ""CHALAMONT"", ""state"": ""AIN""}"
accueil@chaleins.fr,CHALEINS,"{""nom_commune"": ""CHALEINS"", ""departement_numero"": ""1"", ""zipcode"": ""01480"", ""population_commune"": ""1156"", ""code_insee"": ""1075"", ""city"": ""CHALEINS"", ""state"": ""AIN""}"
mairie@chaley.fr,CHALEY,"{""nom_commune"": ""CHALEY"", ""departement_numero"": ""1"", ""zipcode"": ""01230"", ""population_commune"": ""133"", ""code_insee"": ""1076"", ""city"": ""CHALEY"", ""state"": ""AIN""}"
mairie.challeslamontagne@wanadoo.fr,CHALLES-LA-MONTAGNE,"{""nom_commune"": ""CHALLES-LA-MONTAGNE"", ""departement_numero"": ""1"", ""zipcode"": ""01450"", ""population_commune"": ""175"", ""code_insee"": ""1077"", ""city"": ""CHALLES-LA-MONTAGNE"", ""state"": ""AIN""}"
challex@challex.fr,CHALLEX,"{""nom_commune"": ""CHALLEX"", ""departement_numero"": ""1"", ""zipcode"": ""01630"", ""population_commune"": ""1268"", ""code_insee"": ""1078"", ""city"": ""CHALLEX"", ""state"": ""AIN""}"
champagne-val.mairie@wanadoo.fr,CHAMPAGNE-EN-VALROMEY,"{""nom_commune"": ""CHAMPAGNE-EN-VALROMEY"", ""departement_numero"": ""1"", ""zipcode"": ""01260"", ""population_commune"": ""771"", ""code_insee"": ""1079"", ""city"": ""CHAMPAGNE-EN-VALROMEY"", ""state"": ""AIN""}"
mairie@champfromier01.fr,CHAMPFROMIER,"{""nom_commune"": ""CHAMPFROMIER"", ""departement_numero"": ""1"", ""zipcode"": ""01410"", ""population_commune"": ""676"", ""code_insee"": ""1081"", ""city"": ""CHAMPFROMIER"", ""state"": ""AIN""}"
secretariat@mairiedechanay.fr,CHANAY,"{""nom_commune"": ""CHANAY"", ""departement_numero"": ""1"", ""zipcode"": ""01420"", ""population_commune"": ""627"", ""code_insee"": ""1082"", ""city"": ""CHANAY"", ""state"": ""AIN""}"
mairie@chaneins.fr,CHANEINS,"{""nom_commune"": ""CHANEINS"", ""departement_numero"": ""1"", ""zipcode"": ""01990"", ""population_commune"": ""810"", ""code_insee"": ""1083"", ""city"": ""CHANEINS"", ""state"": ""AIN""}"
mairie.chanoz-chatenay@orange.fr,CHANOZ-CHÂTENAY,"{""nom_commune"": ""CHANOZ-CHÂTENAY"", ""departement_numero"": ""1"", ""zipcode"": ""01400"", ""population_commune"": ""713"", ""code_insee"": ""1084"", ""city"": ""CHANOZ-CHÂTENAY"", ""state"": ""AIN""}"
mairie.chapellechatelard@orange.fr,LA CHAPELLE-DU-CHÂTELARD,"{""nom_commune"": ""LA CHAPELLE-DU-CHÂTELARD"", ""departement_numero"": ""1"", ""zipcode"": ""01240"", ""population_commune"": ""357"", ""code_insee"": ""1085"", ""city"": ""LA CHAPELLE-DU-CHÂTELARD"", ""state"": ""AIN""}"
charix.mairie@wanadoo.fr,CHARIX,"{""nom_commune"": ""CHARIX"", ""departement_numero"": ""1"", ""zipcode"": ""01130"", ""population_commune"": ""289"", ""code_insee"": ""1087"", ""city"": ""CHARIX"", ""state"": ""AIN""}"
accueil@mairie-charnoz.fr,CHARNOZ-SUR-AIN,"{""nom_commune"": ""CHARNOZ-SUR-AIN"", ""departement_numero"": ""1"", ""zipcode"": ""01800"", ""population_commune"": ""913"", ""code_insee"": ""1088"", ""city"": ""CHARNOZ-SUR-AIN"", ""state"": ""AIN""}"
mairie.accueil@chateaugaillard01.fr,CHÂTEAU-GAILLARD,"{""nom_commune"": ""CHÂTEAU-GAILLARD"", ""departement_numero"": ""1"", ""zipcode"": ""01500"", ""population_commune"": ""1830"", ""code_insee"": ""1089"", ""city"": ""CHÂTEAU-GAILLARD"", ""state"": ""AIN""}"
mairie@chatenay01.fr,CHÂTENAY,"{""nom_commune"": ""CHÂTENAY"", ""departement_numero"": ""1"", ""zipcode"": ""01320"", ""population_commune"": ""352"", ""code_insee"": ""1090"", ""city"": ""CHÂTENAY"", ""state"": ""AIN""}"
mairie-chatenay@orange.fr,CHÂTENAY,"{""nom_commune"": ""CHÂTENAY"", ""departement_numero"": ""28"", ""zipcode"": ""28700"", ""population_commune"": ""352"", ""code_insee"": ""1090"", ""city"": ""CHÂTENAY"", ""state"": ""AIN""}"
contact@mairie-chatenay-38.fr,CHÂTENAY,"{""nom_commune"": ""CHÂTENAY"", ""departement_numero"": ""38"", ""zipcode"": ""38980"", ""population_commune"": ""352"", ""code_insee"": ""1090"", ""city"": ""CHÂTENAY"", ""state"": ""AIN""}"
mairie-de-chatenay@orange.fr,CHÂTENAY,"{""nom_commune"": ""CHÂTENAY"", ""departement_numero"": ""71"", ""zipcode"": ""71800"", ""population_commune"": ""352"", ""code_insee"": ""1090"", ""city"": ""CHÂTENAY"", ""state"": ""AIN""}"
secretariat@chatillonlapalud.fr,CHÂTILLON-LA-PALUD,"{""nom_commune"": ""CHÂTILLON-LA-PALUD"", ""departement_numero"": ""1"", ""zipcode"": ""01320"", ""population_commune"": ""1583"", ""code_insee"": ""1092"", ""city"": ""CHÂTILLON-LA-PALUD"", ""state"": ""AIN""}"
mairie@chatillon-sur-chalaronne.org,CHÂTILLON-SUR-CHALARONNE,"{""nom_commune"": ""CHÂTILLON-SUR-CHALARONNE"", ""departement_numero"": ""1"", ""zipcode"": ""01400"", ""population_commune"": ""4940"", ""code_insee"": ""1093"", ""city"": ""CHÂTILLON-SUR-CHALARONNE"", ""state"": ""AIN""}"
mairie@chavannessurreyssouze.fr,CHAVANNES-SUR-REYSSOUZE,"{""nom_commune"": ""CHAVANNES-SUR-REYSSOUZE"", ""departement_numero"": ""1"", ""zipcode"": ""01190"", ""population_commune"": ""697"", ""code_insee"": ""1094"", ""city"": ""CHAVANNES-SUR-REYSSOUZE"", ""state"": ""AIN""}"
mairie.chaveyriat@wanadoo.fr,CHAVEYRIAT,"{""nom_commune"": ""CHAVEYRIAT"", ""departement_numero"": ""1"", ""zipcode"": ""01660"", ""population_commune"": ""943"", ""code_insee"": ""1096"", ""city"": ""CHAVEYRIAT"", ""state"": ""AIN""}"
mairie@chazey-bons.fr,CHAZEY-BONS,"{""nom_commune"": ""CHAZEY-BONS"", ""departement_numero"": ""1"", ""zipcode"": ""01300"", ""population_commune"": ""775"", ""code_insee"": ""1098"", ""city"": ""CHAZEY-BONS"", ""state"": ""AIN""}"
secretariat@chazey-sur-ain.fr,CHAZEY-SUR-AIN,"{""nom_commune"": ""CHAZEY-SUR-AIN"", ""departement_numero"": ""1"", ""zipcode"": ""01150"", ""population_commune"": ""1520"", ""code_insee"": ""1099"", ""city"": ""CHAZEY-SUR-AIN"", ""state"": ""AIN""}"
mairie.cheignieulabalme@orange.fr,CHEIGNIEU-LA-BALME,"{""nom_commune"": ""CHEIGNIEU-LA-BALME"", ""departement_numero"": ""1"", ""zipcode"": ""01510"", ""population_commune"": ""159"", ""code_insee"": ""1100"", ""city"": ""CHEIGNIEU-LA-BALME"", ""state"": ""AIN""}"
mairie@chevillard01.fr,CHEVILLARD,"{""nom_commune"": ""CHEVILLARD"", ""departement_numero"": ""1"", ""zipcode"": ""01430"", ""population_commune"": ""160"", ""code_insee"": ""1101"", ""city"": ""CHEVILLARD"", ""state"": ""AIN""}"
mairie@chevroux.fr,CHEVROUX,"{""nom_commune"": ""CHEVROUX"", ""departement_numero"": ""1"", ""zipcode"": ""01190"", ""population_commune"": ""938"", ""code_insee"": ""1102"", ""city"": ""CHEVROUX"", ""state"": ""AIN""}"
mairie@ville-chevry.fr,CHEVRY,"{""nom_commune"": ""CHEVRY"", ""departement_numero"": ""1"", ""zipcode"": ""01170"", ""population_commune"": ""1269"", ""code_insee"": ""1103"", ""city"": ""CHEVRY"", ""state"": ""AIN""}"
chezery@chezery.fr,CHÉZERY-FORENS,"{""nom_commune"": ""CHÉZERY-FORENS"", ""departement_numero"": ""1"", ""zipcode"": ""01410"", ""population_commune"": ""449"", ""code_insee"": ""1104"", ""city"": ""CHÉZERY-FORENS"", ""state"": ""AIN""}"
accueil@mairie-civrieux01.fr,CIVRIEUX,"{""nom_commune"": ""CIVRIEUX"", ""departement_numero"": ""1"", ""zipcode"": ""01390"", ""population_commune"": ""1347"", ""code_insee"": ""1105"", ""city"": ""CIVRIEUX"", ""state"": ""AIN""}"
cize.mairie@wanadoo.fr,CIZE,"{""nom_commune"": ""CIZE"", ""departement_numero"": ""1"", ""zipcode"": ""01250"", ""population_commune"": ""172"", ""code_insee"": ""1106"", ""city"": ""CIZE"", ""state"": ""AIN""}"
mairie@cize-jura.fr,CIZE,"{""nom_commune"": ""CIZE"", ""departement_numero"": ""39"", ""zipcode"": ""39300"", ""population_commune"": ""172"", ""code_insee"": ""1106"", ""city"": ""CIZE"", ""state"": ""AIN""}"
mairie.cleyzieu@k-net.fr,CLEYZIEU,"{""nom_commune"": ""CLEYZIEU"", ""departement_numero"": ""1"", ""zipcode"": ""01230"", ""population_commune"": ""137"", ""code_insee"": ""1107"", ""city"": ""CLEYZIEU"", ""state"": ""AIN""}"
mairie.de.coligny@wanadoo.fr,COLIGNY,"{""nom_commune"": ""COLIGNY"", ""departement_numero"": ""1"", ""zipcode"": ""01270"", ""population_commune"": ""1160"", ""code_insee"": ""1108"", ""city"": ""COLIGNY"", ""state"": ""AIN""}"
mairie@collonges.fr,COLLONGES,"{""nom_commune"": ""COLLONGES"", ""departement_numero"": ""1"", ""zipcode"": ""01550"", ""population_commune"": ""1979"", ""code_insee"": ""1109"", ""city"": ""COLLONGES"", ""state"": ""AIN""}"
mairie.colomieu@wanadoo.fr,COLOMIEU,"{""nom_commune"": ""COLOMIEU"", ""departement_numero"": ""1"", ""zipcode"": ""01300"", ""population_commune"": ""112"", ""code_insee"": ""1110"", ""city"": ""COLOMIEU"", ""state"": ""AIN""}"
mairie.conand@gmail.com,CONAND,"{""nom_commune"": ""CONAND"", ""departement_numero"": ""1"", ""zipcode"": ""01230"", ""population_commune"": ""102"", ""code_insee"": ""1111"", ""city"": ""CONAND"", ""state"": ""AIN""}"
mairie@condamine.fr,CONDAMINE,"{""nom_commune"": ""CONDAMINE"", ""departement_numero"": ""1"", ""zipcode"": ""01430"", ""population_commune"": ""406"", ""code_insee"": ""1112"", ""city"": ""CONDAMINE"", ""state"": ""AIN""}"
mairie.condamine@wanadoo.fr,CONDAMINE,"{""nom_commune"": ""CONDAMINE"", ""departement_numero"": ""39"", ""zipcode"": ""39570"", ""population_commune"": ""406"", ""code_insee"": ""1112"", ""city"": ""CONDAMINE"", ""state"": ""AIN""}"
mairie@condeissiat.fr,CONDEISSIAT,"{""nom_commune"": ""CONDEISSIAT"", ""departement_numero"": ""1"", ""zipcode"": ""01400"", ""population_commune"": ""763"", ""code_insee"": ""1113"", ""city"": ""CONDEISSIAT"", ""state"": ""AIN""}"
mairie.confort@gmail.com,CONFORT,"{""nom_commune"": ""CONFORT"", ""departement_numero"": ""1"", ""zipcode"": ""01200"", ""population_commune"": ""539"", ""code_insee"": ""1114"", ""city"": ""CONFORT"", ""state"": ""AIN""}"
mairie@confrancon.fr,CONFRANÇON,"{""nom_commune"": ""CONFRANÇON"", ""departement_numero"": ""1"", ""zipcode"": ""01310"", ""population_commune"": ""1200"", ""code_insee"": ""1115"", ""city"": ""CONFRANÇON"", ""state"": ""AIN""}"
contrevozmairie@orange.fr,CONTREVOZ,"{""nom_commune"": ""CONTREVOZ"", ""departement_numero"": ""1"", ""zipcode"": ""01300"", ""population_commune"": ""538"", ""code_insee"": ""1116"", ""city"": ""CONTREVOZ"", ""state"": ""AIN""}"
commune.conzieu@wanadoo.fr,CONZIEU,"{""nom_commune"": ""CONZIEU"", ""departement_numero"": ""1"", ""zipcode"": ""01300"", ""population_commune"": ""144"", ""code_insee"": ""1117"", ""city"": ""CONZIEU"", ""state"": ""AIN""}"
contact@mairie-corbonod.fr,CORBONOD,"{""nom_commune"": ""CORBONOD"", ""departement_numero"": ""1"", ""zipcode"": ""01420"", ""population_commune"": ""1190"", ""code_insee"": ""1118"", ""city"": ""CORBONOD"", ""state"": ""AIN""}"
commune-corlier@orange.fr,CORLIER,"{""nom_commune"": ""CORLIER"", ""departement_numero"": ""1"", ""zipcode"": ""01110"", ""population_commune"": ""121"", ""code_insee"": ""1121"", ""city"": ""CORLIER"", ""state"": ""AIN""}"
mairie@cormoranche.fr,CORMORANCHE-SUR-SAÔNE,"{""nom_commune"": ""CORMORANCHE-SUR-SAÔNE"", ""departement_numero"": ""1"", ""zipcode"": ""01290"", ""population_commune"": ""1064"", ""code_insee"": ""1123"", ""city"": ""CORMORANCHE-SUR-SAÔNE"", ""state"": ""AIN""}"
mairie@cormoz.fr,CORMOZ,"{""nom_commune"": ""CORMOZ"", ""departement_numero"": ""1"", ""zipcode"": ""01560"", ""population_commune"": ""644"", ""code_insee"": ""1124"", ""city"": ""CORMOZ"", ""state"": ""AIN""}"
mairie@corveissiat.fr,CORVEISSIAT,"{""nom_commune"": ""CORVEISSIAT"", ""departement_numero"": ""1"", ""zipcode"": ""01250"", ""population_commune"": ""612"", ""code_insee"": ""1125"", ""city"": ""CORVEISSIAT"", ""state"": ""AIN""}"
mairie@courmangoux.fr,COURMANGOUX,"{""nom_commune"": ""COURMANGOUX"", ""departement_numero"": ""1"", ""zipcode"": ""01370"", ""population_commune"": ""507"", ""code_insee"": ""1127"", ""city"": ""COURMANGOUX"", ""state"": ""AIN""}"
mairie.de.courtes@wanadoo.fr,COURTES,"{""nom_commune"": ""COURTES"", ""departement_numero"": ""1"", ""zipcode"": ""01560"", ""population_commune"": ""275"", ""code_insee"": ""1128"", ""city"": ""COURTES"", ""state"": ""AIN""}"
mairie.crans@gmail.com,CRANS,"{""nom_commune"": ""CRANS"", ""departement_numero"": ""1"", ""zipcode"": ""01320"", ""population_commune"": ""266"", ""code_insee"": ""1129"", ""city"": ""CRANS"", ""state"": ""AIN""}"
mairie.crans39@orange.fr,CRANS,"{""nom_commune"": ""CRANS"", ""departement_numero"": ""39"", ""zipcode"": ""39300"", ""population_commune"": ""266"", ""code_insee"": ""1129"", ""city"": ""CRANS"", ""state"": ""AIN""}"
secretairemairie.cressin-rochefort@orange.fr,CRESSIN-ROCHEFORT,"{""nom_commune"": ""CRESSIN-ROCHEFORT"", ""departement_numero"": ""1"", ""zipcode"": ""01350"", ""population_commune"": ""376"", ""code_insee"": ""1133"", ""city"": ""CRESSIN-ROCHEFORT"", ""state"": ""AIN""}"
mairie@crottet.fr,CROTTET,"{""nom_commune"": ""CROTTET"", ""departement_numero"": ""1"", ""zipcode"": ""01290"", ""population_commune"": ""1722"", ""code_insee"": ""1134"", ""city"": ""CROTTET"", ""state"": ""AIN""}"
accueil@crozet.fr,CROZET,"{""nom_commune"": ""CROZET"", ""departement_numero"": ""1"", ""zipcode"": ""01170"", ""population_commune"": ""1913"", ""code_insee"": ""1135"", ""city"": ""CROZET"", ""state"": ""AIN""}"
mairie@cruzilleslesmepillat.fr,CRUZILLES-LÈS-MÉPILLAT,"{""nom_commune"": ""CRUZILLES-LÈS-MÉPILLAT"", ""departement_numero"": ""1"", ""zipcode"": ""01290"", ""population_commune"": ""828"", ""code_insee"": ""1136"", ""city"": ""CRUZILLES-LÈS-MÉPILLAT"", ""state"": ""AIN""}"
mairie.curciat@free.fr,CURCIAT-DONGALON,"{""nom_commune"": ""CURCIAT-DONGALON"", ""departement_numero"": ""1"", ""zipcode"": ""01560"", ""population_commune"": ""454"", ""code_insee"": ""1139"", ""city"": ""CURCIAT-DONGALON"", ""state"": ""AIN""}"
secretariat@curtafond-mairie.com,CURTAFOND,"{""nom_commune"": ""CURTAFOND"", ""departement_numero"": ""1"", ""zipcode"": ""01310"", ""population_commune"": ""714"", ""code_insee"": ""1140"", ""city"": ""CURTAFOND"", ""state"": ""AIN""}"
mairie.cuzieu01@wanadoo.fr,CUZIEU,"{""nom_commune"": ""CUZIEU"", ""departement_numero"": ""1"", ""zipcode"": ""01300"", ""population_commune"": ""410"", ""code_insee"": ""1141"", ""city"": ""CUZIEU"", ""state"": ""AIN""}"
mairie@cuzieu.fr,CUZIEU,"{""nom_commune"": ""CUZIEU"", ""departement_numero"": ""42"", ""zipcode"": ""42330"", ""population_commune"": ""410"", ""code_insee"": ""1141"", ""city"": ""CUZIEU"", ""state"": ""AIN""}"
accueil@ville-dagneux.fr,DAGNEUX,"{""nom_commune"": ""DAGNEUX"", ""departement_numero"": ""1"", ""zipcode"": ""01120"", ""population_commune"": ""4183"", ""code_insee"": ""1142"", ""city"": ""DAGNEUX"", ""state"": ""AIN""}"
contact@divonne.fr,DIVONNE-LES-BAINS,"{""nom_commune"": ""DIVONNE-LES-BAINS"", ""departement_numero"": ""1"", ""zipcode"": ""01220"", ""population_commune"": ""8388"", ""code_insee"": ""1143"", ""city"": ""DIVONNE-LES-BAINS"", ""state"": ""AIN""}"
mairie@dommartin25.fr,DOMMARTIN,"{""nom_commune"": ""DOMMARTIN"", ""departement_numero"": ""25"", ""zipcode"": ""25300"", ""population_commune"": ""857"", ""code_insee"": ""1144"", ""city"": ""DOMMARTIN"", ""state"": ""AIN""}"
mairie.dommartin58@wanadoo.fr,DOMMARTIN,"{""nom_commune"": ""DOMMARTIN"", ""departement_numero"": ""58"", ""zipcode"": ""58120"", ""population_commune"": ""857"", ""code_insee"": ""1144"", ""city"": ""DOMMARTIN"", ""state"": ""AIN""}"
contact@mairiedommartin.fr,DOMMARTIN,"{""nom_commune"": ""DOMMARTIN"", ""departement_numero"": ""69"", ""zipcode"": ""69380"", ""population_commune"": ""857"", ""code_insee"": ""1144"", ""city"": ""DOMMARTIN"", ""state"": ""AIN""}"
dommartin.mairie@wanadoo.fr,DOMMARTIN,"{""nom_commune"": ""DOMMARTIN"", ""departement_numero"": ""80"", ""zipcode"": ""80440"", ""population_commune"": ""857"", ""code_insee"": ""1144"", ""city"": ""DOMMARTIN"", ""state"": ""AIN""}"
mairie@dompierre-sur-veyle.fr,DOMPIERRE-SUR-VEYLE,"{""nom_commune"": ""DOMPIERRE-SUR-VEYLE"", ""departement_numero"": ""1"", ""zipcode"": ""01240"", ""population_commune"": ""1210"", ""code_insee"": ""1145"", ""city"": ""DOMPIERRE-SUR-VEYLE"", ""state"": ""AIN""}"
mairie.dompierresurchalaronne@gmail.com,DOMPIERRE-SUR-CHALARONNE,"{""nom_commune"": ""DOMPIERRE-SUR-CHALARONNE"", ""departement_numero"": ""1"", ""zipcode"": ""01400"", ""population_commune"": ""391"", ""code_insee"": ""1146"", ""city"": ""DOMPIERRE-SUR-CHALARONNE"", ""state"": ""AIN""}"
mairie@domsure.fr,DOMSURE,"{""nom_commune"": ""DOMSURE"", ""departement_numero"": ""1"", ""zipcode"": ""01270"", ""population_commune"": ""469"", ""code_insee"": ""1147"", ""city"": ""DOMSURE"", ""state"": ""AIN""}"
mairie.dortan@wanadoo.fr,DORTAN,"{""nom_commune"": ""DORTAN"", ""departement_numero"": ""1"", ""zipcode"": ""01590"", ""population_commune"": ""1934"", ""code_insee"": ""1148"", ""city"": ""DORTAN"", ""state"": ""AIN""}"
mairie@douvres.fr,DOUVRES,"{""nom_commune"": ""DOUVRES"", ""departement_numero"": ""1"", ""zipcode"": ""01500"", ""population_commune"": ""983"", ""code_insee"": ""1149"", ""city"": ""DOUVRES"", ""state"": ""AIN""}"
mairie@drom.fr,DROM,"{""nom_commune"": ""DROM"", ""departement_numero"": ""1"", ""zipcode"": ""01250"", ""population_commune"": ""211"", ""code_insee"": ""1150"", ""city"": ""DROM"", ""state"": ""AIN""}"
accueil@mairiedruillat.fr,DRUILLAT,"{""nom_commune"": ""DRUILLAT"", ""departement_numero"": ""1"", ""zipcode"": ""01160"", ""population_commune"": ""1144"", ""code_insee"": ""1151"", ""city"": ""DRUILLAT"", ""state"": ""AIN""}"
com01faramans@wanadoo.fr,FARAMANS,"{""nom_commune"": ""FARAMANS"", ""departement_numero"": ""1"", ""zipcode"": ""01800"", ""population_commune"": ""712"", ""code_insee"": ""1156"", ""city"": ""FARAMANS"", ""state"": ""AIN""}"
mairie.faramans@gmail.com,FARAMANS,"{""nom_commune"": ""FARAMANS"", ""departement_numero"": ""38"", ""zipcode"": ""38260"", ""population_commune"": ""712"", ""code_insee"": ""1156"", ""city"": ""FARAMANS"", ""state"": ""AIN""}"
mairie@mairie-fareins.com,FAREINS,"{""nom_commune"": ""FAREINS"", ""departement_numero"": ""1"", ""zipcode"": ""01480"", ""population_commune"": ""2175"", ""code_insee"": ""1157"", ""city"": ""FAREINS"", ""state"": ""AIN""}"
contact@mairie-farges.fr,FARGES,"{""nom_commune"": ""FARGES"", ""departement_numero"": ""1"", ""zipcode"": ""01550"", ""population_commune"": ""901"", ""code_insee"": ""1158"", ""city"": ""FARGES"", ""state"": ""AIN""}"
commune-de-feillens@wanadoo.fr,FEILLENS,"{""nom_commune"": ""FEILLENS"", ""departement_numero"": ""1"", ""zipcode"": ""01570"", ""population_commune"": ""3108"", ""code_insee"": ""1159"", ""city"": ""FEILLENS"", ""state"": ""AIN""}"
service.courrier@ferney-voltaire.fr,FERNEY-VOLTAIRE,"{""nom_commune"": ""FERNEY-VOLTAIRE"", ""departement_numero"": ""1"", ""zipcode"": ""01210"", ""population_commune"": ""8452"", ""code_insee"": ""1160"", ""city"": ""FERNEY-VOLTAIRE"", ""state"": ""AIN""}"
mairie.flaxieu@gmail.com,FLAXIEU,"{""nom_commune"": ""FLAXIEU"", ""departement_numero"": ""1"", ""zipcode"": ""01350"", ""population_commune"": ""66"", ""code_insee"": ""1162"", ""city"": ""FLAXIEU"", ""state"": ""AIN""}"
mairie@foissiat.com,FOISSIAT,"{""nom_commune"": ""FOISSIAT"", ""departement_numero"": ""1"", ""zipcode"": ""01340"", ""population_commune"": ""1961"", ""code_insee"": ""1163"", ""city"": ""FOISSIAT"", ""state"": ""AIN""}"
contact@francheleins.fr,FRANCHELEINS,"{""nom_commune"": ""FRANCHELEINS"", ""departement_numero"": ""1"", ""zipcode"": ""01090"", ""population_commune"": ""1370"", ""code_insee"": ""1165"", ""city"": ""FRANCHELEINS"", ""state"": ""AIN""}"
mairiedefrans@frans.fr,FRANS,"{""nom_commune"": ""FRANS"", ""departement_numero"": ""1"", ""zipcode"": ""01480"", ""population_commune"": ""1974"", ""code_insee"": ""1166"", ""city"": ""FRANS"", ""state"": ""AIN""}"
mairie@garnerans.com,GARNERANS,"{""nom_commune"": ""GARNERANS"", ""departement_numero"": ""1"", ""zipcode"": ""01140"", ""population_commune"": ""660"", ""code_insee"": ""1167"", ""city"": ""GARNERANS"", ""state"": ""AIN""}"
mairie@genouilleux.fr,GENOUILLEUX,"{""nom_commune"": ""GENOUILLEUX"", ""departement_numero"": ""1"", ""zipcode"": ""01090"", ""population_commune"": ""605"", ""code_insee"": ""1169"", ""city"": ""GENOUILLEUX"", ""state"": ""AIN""}"
mairie.geovreisset@wanadoo.fr,GÉOVREISSET,"{""nom_commune"": ""GÉOVREISSET"", ""departement_numero"": ""1"", ""zipcode"": ""01100"", ""population_commune"": ""912"", ""code_insee"": ""1171"", ""city"": ""GÉOVREISSET"", ""state"": ""AIN""}"
mairie@ville-gex.fr,GEX,"{""nom_commune"": ""GEX"", ""departement_numero"": ""1"", ""zipcode"": ""01170"", ""population_commune"": ""10446"", ""code_insee"": ""1173"", ""city"": ""GEX"", ""state"": ""AIN""}"
mairie@giron-1000.fr,GIRON,"{""nom_commune"": ""GIRON"", ""departement_numero"": ""1"", ""zipcode"": ""01130"", ""population_commune"": ""166"", ""code_insee"": ""1174"", ""city"": ""GIRON"", ""state"": ""AIN""}"
communegorrevod@orange.fr,GORREVOD,"{""nom_commune"": ""GORREVOD"", ""departement_numero"": ""1"", ""zipcode"": ""01190"", ""population_commune"": ""802"", ""code_insee"": ""1175"", ""city"": ""GORREVOD"", ""state"": ""AIN""}"
commune.grand-corent@orange.fr,GRAND-CORENT,"{""nom_commune"": ""GRAND-CORENT"", ""departement_numero"": ""1"", ""zipcode"": ""01250"", ""population_commune"": ""167"", ""code_insee"": ""1177"", ""city"": ""GRAND-CORENT"", ""state"": ""AIN""}"
mairie@grieges.fr,GRIÈGES,"{""nom_commune"": ""GRIÈGES"", ""departement_numero"": ""1"", ""zipcode"": ""01290"", ""population_commune"": ""1913"", ""code_insee"": ""1179"", ""city"": ""GRIÈGES"", ""state"": ""AIN""}"
info@mairie-grilly.fr,GRILLY,"{""nom_commune"": ""GRILLY"", ""departement_numero"": ""1"", ""zipcode"": ""01220"", ""population_commune"": ""775"", ""code_insee"": ""1180"", ""city"": ""GRILLY"", ""state"": ""AIN""}"
mairie@mairiegroissiat.fr,GROISSIAT,"{""nom_commune"": ""GROISSIAT"", ""departement_numero"": ""1"", ""zipcode"": ""01100"", ""population_commune"": ""1153"", ""code_insee"": ""1181"", ""city"": ""GROISSIAT"", ""state"": ""AIN""}"
mairie-guereins@outlook.fr,GUÉREINS,"{""nom_commune"": ""GUÉREINS"", ""departement_numero"": ""1"", ""zipcode"": ""01090"", ""population_commune"": ""1341"", ""code_insee"": ""1183"", ""city"": ""GUÉREINS"", ""state"": ""AIN""}"
mairie@hautecourt-romaneche.fr,HAUTECOURT-ROMANÈCHE,"{""nom_commune"": ""HAUTECOURT-ROMANÈCHE"", ""departement_numero"": ""1"", ""zipcode"": ""01250"", ""population_commune"": ""791"", ""code_insee"": ""1184"", ""city"": ""HAUTECOURT-ROMANÈCHE"", ""state"": ""AIN""}"
secretariat@illiat.fr,ILLIAT,"{""nom_commune"": ""ILLIAT"", ""departement_numero"": ""1"", ""zipcode"": ""01140"", ""population_commune"": ""572"", ""code_insee"": ""1188"", ""city"": ""ILLIAT"", ""state"": ""AIN""}"
mairie@injoux-genissiat.fr,INJOUX-GÉNISSIAT,"{""nom_commune"": ""INJOUX-GÉNISSIAT"", ""departement_numero"": ""1"", ""zipcode"": ""01200"", ""population_commune"": ""1102"", ""code_insee"": ""1189"", ""city"": ""INJOUX-GÉNISSIAT"", ""state"": ""AIN""}"
mairie@innimond.fr,INNIMOND,"{""nom_commune"": ""INNIMOND"", ""departement_numero"": ""1"", ""zipcode"": ""01680"", ""population_commune"": ""116"", ""code_insee"": ""1190"", ""city"": ""INNIMOND"", ""state"": ""AIN""}"
mairie.izenave@orange.fr,IZENAVE,"{""nom_commune"": ""IZENAVE"", ""departement_numero"": ""1"", ""zipcode"": ""01430"", ""population_commune"": ""166"", ""code_insee"": ""1191"", ""city"": ""IZENAVE"", ""state"": ""AIN""}"
mairie@izernore.fr,IZERNORE,"{""nom_commune"": ""IZERNORE"", ""departement_numero"": ""1"", ""zipcode"": ""01580"", ""population_commune"": ""2294"", ""code_insee"": ""1192"", ""city"": ""IZERNORE"", ""state"": ""AIN""}"
mairie-izieu@orange.fr,IZIEU,"{""nom_commune"": ""IZIEU"", ""departement_numero"": ""1"", ""zipcode"": ""01300"", ""population_commune"": ""201"", ""code_insee"": ""1193"", ""city"": ""IZIEU"", ""state"": ""AIN""}"
mairie@jassansriottier.fr,JASSANS-RIOTTIER,"{""nom_commune"": ""JASSANS-RIOTTIER"", ""departement_numero"": ""1"", ""zipcode"": ""01480"", ""population_commune"": ""6044"", ""code_insee"": ""1194"", ""city"": ""JASSANS-RIOTTIER"", ""state"": ""AIN""}"
mairie@jasseron.com,JASSERON,"{""nom_commune"": ""JASSERON"", ""departement_numero"": ""1"", ""zipcode"": ""01250"", ""population_commune"": ""1622"", ""code_insee"": ""1195"", ""city"": ""JASSERON"", ""state"": ""AIN""}"
mairie@jayat.fr,JAYAT,"{""nom_commune"": ""JAYAT"", ""departement_numero"": ""1"", ""zipcode"": ""01340"", ""population_commune"": ""1076"", ""code_insee"": ""1196"", ""city"": ""JAYAT"", ""state"": ""AIN""}"
contact@mairiejournans.fr,JOURNANS,"{""nom_commune"": ""JOURNANS"", ""departement_numero"": ""1"", ""zipcode"": ""01250"", ""population_commune"": ""332"", ""code_insee"": ""1197"", ""city"": ""JOURNANS"", ""state"": ""AIN""}"
secretariat@commune-joyeux.fr,JOYEUX,"{""nom_commune"": ""JOYEUX"", ""departement_numero"": ""1"", ""zipcode"": ""01800"", ""population_commune"": ""237"", ""code_insee"": ""1198"", ""city"": ""JOYEUX"", ""state"": ""AIN""}"
accueil@jujurieux.fr,JUJURIEUX,"{""nom_commune"": ""JUJURIEUX"", ""departement_numero"": ""1"", ""zipcode"": ""01640"", ""population_commune"": ""2124"", ""code_insee"": ""1199"", ""city"": ""JUJURIEUX"", ""state"": ""AIN""}"
commune.labalme@orange.fr,LABALME,"{""nom_commune"": ""LABALME"", ""departement_numero"": ""1"", ""zipcode"": ""01450"", ""population_commune"": ""204"", ""code_insee"": ""1200"", ""city"": ""LABALME"", ""state"": ""AIN""}"
dgs@mairie-lagnieu.fr,LAGNIEU,"{""nom_commune"": ""LAGNIEU"", ""departement_numero"": ""1"", ""zipcode"": ""01150"", ""population_commune"": ""6785"", ""code_insee"": ""1202"", ""city"": ""LAGNIEU"", ""state"": ""AIN""}"
mairie-laiz@laiz.fr,LAIZ,"{""nom_commune"": ""LAIZ"", ""departement_numero"": ""1"", ""zipcode"": ""01290"", ""population_commune"": ""1148"", ""code_insee"": ""1203"", ""city"": ""LAIZ"", ""state"": ""AIN""}"
mairiedelantenay@wanadoo.fr,LANTENAY,"{""nom_commune"": ""LANTENAY"", ""departement_numero"": ""1"", ""zipcode"": ""01430"", ""population_commune"": ""260"", ""code_insee"": ""1206"", ""city"": ""LANTENAY"", ""state"": ""AIN""}"
mairie.lantenay@outlook.com,LANTENAY,"{""nom_commune"": ""LANTENAY"", ""departement_numero"": ""21"", ""zipcode"": ""21370"", ""population_commune"": ""260"", ""code_insee"": ""1206"", ""city"": ""LANTENAY"", ""state"": ""AIN""}"
lapeyrouse-mairie@orange.fr,LAPEYROUSE,"{""nom_commune"": ""LAPEYROUSE"", ""departement_numero"": ""1"", ""zipcode"": ""01330"", ""population_commune"": ""295"", ""code_insee"": ""1207"", ""city"": ""LAPEYROUSE"", ""state"": ""AIN""}"
mairie.lapeyrouse63700@gmail.com,LAPEYROUSE,"{""nom_commune"": ""LAPEYROUSE"", ""departement_numero"": ""63"", ""zipcode"": ""63700"", ""population_commune"": ""295"", ""code_insee"": ""1207"", ""city"": ""LAPEYROUSE"", ""state"": ""AIN""}"
commune-de-lavours@orange.fr,LAVOURS,"{""nom_commune"": ""LAVOURS"", ""departement_numero"": ""1"", ""zipcode"": ""01350"", ""population_commune"": ""151"", ""code_insee"": ""1208"", ""city"": ""LAVOURS"", ""state"": ""AIN""}"
mairie@leaz.fr,LÉAZ,"{""nom_commune"": ""LÉAZ"", ""departement_numero"": ""1"", ""zipcode"": ""01200"", ""population_commune"": ""577"", ""code_insee"": ""1209"", ""city"": ""LÉAZ"", ""state"": ""AIN""}"
mairie@lelex.fr,LÉLEX,"{""nom_commune"": ""LÉLEX"", ""departement_numero"": ""1"", ""zipcode"": ""01410"", ""population_commune"": ""227"", ""code_insee"": ""1210"", ""city"": ""LÉLEX"", ""state"": ""AIN""}"
mairiedelent@gmail.com,LENT,"{""nom_commune"": ""LENT"", ""departement_numero"": ""1"", ""zipcode"": ""01240"", ""population_commune"": ""1357"", ""code_insee"": ""1211"", ""city"": ""LENT"", ""state"": ""AIN""}"
commune.de.lent@wanadoo.fr,LENT,"{""nom_commune"": ""LENT"", ""departement_numero"": ""39"", ""zipcode"": ""39300"", ""population_commune"": ""1357"", ""code_insee"": ""1211"", ""city"": ""LENT"", ""state"": ""AIN""}"
mairiedelescheroux@wanadoo.fr,LESCHEROUX,"{""nom_commune"": ""LESCHEROUX"", ""departement_numero"": ""1"", ""zipcode"": ""01560"", ""population_commune"": ""690"", ""code_insee"": ""1212"", ""city"": ""LESCHEROUX"", ""state"": ""AIN""}"
secretariat@mairiedeleyment.fr,LEYMENT,"{""nom_commune"": ""LEYMENT"", ""departement_numero"": ""1"", ""zipcode"": ""01150"", ""population_commune"": ""1265"", ""code_insee"": ""1213"", ""city"": ""LEYMENT"", ""state"": ""AIN""}"
mairie.leyssard@wibox.fr,LEYSSARD,"{""nom_commune"": ""LEYSSARD"", ""departement_numero"": ""1"", ""zipcode"": ""01450"", ""population_commune"": ""152"", ""code_insee"": ""1214"", ""city"": ""LEYSSARD"", ""state"": ""AIN""}"
mairie.lhuis@gmail.com,LHUIS,"{""nom_commune"": ""LHUIS"", ""departement_numero"": ""1"", ""zipcode"": ""01680"", ""population_commune"": ""872"", ""code_insee"": ""1216"", ""city"": ""LHUIS"", ""state"": ""AIN""}"
mairie@lompnas.com,LOMPNAS,"{""nom_commune"": ""LOMPNAS"", ""departement_numero"": ""1"", ""zipcode"": ""01680"", ""population_commune"": ""148"", ""code_insee"": ""1219"", ""city"": ""LOMPNAS"", ""state"": ""AIN""}"
mairie@commune-loyettes.fr,LOYETTES,"{""nom_commune"": ""LOYETTES"", ""departement_numero"": ""1"", ""zipcode"": ""01360"", ""population_commune"": ""2825"", ""code_insee"": ""1224"", ""city"": ""LOYETTES"", ""state"": ""AIN""}"
mairie.lurcy@wanadoo.fr,LURCY,"{""nom_commune"": ""LURCY"", ""departement_numero"": ""1"", ""zipcode"": ""01090"", ""population_commune"": ""392"", ""code_insee"": ""1225"", ""city"": ""LURCY"", ""state"": ""AIN""}"
mairie@magnieu.fr,MAGNIEU,"{""nom_commune"": ""MAGNIEU"", ""departement_numero"": ""1"", ""zipcode"": ""01300"", ""population_commune"": ""434"", ""code_insee"": ""1227"", ""city"": ""MAGNIEU"", ""state"": ""AIN""}"
mairie@maillat.fr,MAILLAT,"{""nom_commune"": ""MAILLAT"", ""departement_numero"": ""1"", ""zipcode"": ""01430"", ""population_commune"": ""670"", ""code_insee"": ""1228"", ""city"": ""MAILLAT"", ""state"": ""AIN""}"
mairie@malafretaz.fr,MALAFRETAZ,"{""nom_commune"": ""MALAFRETAZ"", ""departement_numero"": ""1"", ""zipcode"": ""01340"", ""population_commune"": ""1018"", ""code_insee"": ""1229"", ""city"": ""MALAFRETAZ"", ""state"": ""AIN""}"
mairie.mantenay@outlook.fr,MANTENAY-MONTLIN,"{""nom_commune"": ""MANTENAY-MONTLIN"", ""departement_numero"": ""1"", ""zipcode"": ""01560"", ""population_commune"": ""295"", ""code_insee"": ""1230"", ""city"": ""MANTENAY-MONTLIN"", ""state"": ""AIN""}"
mairie@manziat.fr,MANZIAT,"{""nom_commune"": ""MANZIAT"", ""departement_numero"": ""1"", ""zipcode"": ""01570"", ""population_commune"": ""1932"", ""code_insee"": ""1231"", ""city"": ""MANZIAT"", ""state"": ""AIN""}"
accueil@mairie-marboz.fr,MARBOZ,"{""nom_commune"": ""MARBOZ"", ""departement_numero"": ""1"", ""zipcode"": ""01851"", ""population_commune"": ""2185"", ""code_insee"": ""1232"", ""city"": ""MARBOZ"", ""state"": ""AIN""}"
mairie.marchamp@orange.fr,MARCHAMP,"{""nom_commune"": ""MARCHAMP"", ""departement_numero"": ""1"", ""zipcode"": ""01680"", ""population_commune"": ""124"", ""code_insee"": ""1233"", ""city"": ""MARCHAMP"", ""state"": ""AIN""}"
mairie.marignieu@wanadoo.fr,MARIGNIEU,"{""nom_commune"": ""MARIGNIEU"", ""departement_numero"": ""1"", ""zipcode"": ""01300"", ""population_commune"": ""148"", ""code_insee"": ""1234"", ""city"": ""MARIGNIEU"", ""state"": ""AIN""}"
mairie.marlieux@wanadoo.fr,MARLIEUX,"{""nom_commune"": ""MARLIEUX"", ""departement_numero"": ""1"", ""zipcode"": ""01240"", ""population_commune"": ""931"", ""code_insee"": ""1235"", ""city"": ""MARLIEUX"", ""state"": ""AIN""}"
mairie@marsonnas.fr,MARSONNAS,"{""nom_commune"": ""MARSONNAS"", ""departement_numero"": ""1"", ""zipcode"": ""01340"", ""population_commune"": ""1020"", ""code_insee"": ""1236"", ""city"": ""MARSONNAS"", ""state"": ""AIN""}"
mairie@martignat.com,MARTIGNAT,"{""nom_commune"": ""MARTIGNAT"", ""departement_numero"": ""1"", ""zipcode"": ""01100"", ""population_commune"": ""1595"", ""code_insee"": ""1237"", ""city"": ""MARTIGNAT"", ""state"": ""AIN""}"
mairie@mairie-de-massieux.fr,MASSIEUX,"{""nom_commune"": ""MASSIEUX"", ""departement_numero"": ""1"", ""zipcode"": ""01600"", ""population_commune"": ""2416"", ""code_insee"": ""1238"", ""city"": ""MASSIEUX"", ""state"": ""AIN""}"
mairie@massignieu.fr,MASSIGNIEU-DE-RIVES,"{""nom_commune"": ""MASSIGNIEU-DE-RIVES"", ""departement_numero"": ""1"", ""zipcode"": ""01300"", ""population_commune"": ""625"", ""code_insee"": ""1239"", ""city"": ""MASSIGNIEU-DE-RIVES"", ""state"": ""AIN""}"
mairie.matafelon@wanadoo.fr,MATAFELON-GRANGES,"{""nom_commune"": ""MATAFELON-GRANGES"", ""departement_numero"": ""1"", ""zipcode"": ""01580"", ""population_commune"": ""652"", ""code_insee"": ""1240"", ""city"": ""MATAFELON-GRANGES"", ""state"": ""AIN""}"
commune-meillonnas@orange.fr,MEILLONNAS,"{""nom_commune"": ""MEILLONNAS"", ""departement_numero"": ""1"", ""zipcode"": ""01370"", ""population_commune"": ""1282"", ""code_insee"": ""1241"", ""city"": ""MEILLONNAS"", ""state"": ""AIN""}"
mairie.merignat@wanadoo.fr,MÉRIGNAT,"{""nom_commune"": ""MÉRIGNAT"", ""departement_numero"": ""1"", ""zipcode"": ""01450"", ""population_commune"": ""134"", ""code_insee"": ""1242"", ""city"": ""MÉRIGNAT"", ""state"": ""AIN""}"
mairie.messimysursaone@orange.fr,MESSIMY-SUR-SAÔNE,"{""nom_commune"": ""MESSIMY-SUR-SAÔNE"", ""departement_numero"": ""1"", ""zipcode"": ""01480"", ""population_commune"": ""1207"", ""code_insee"": ""1243"", ""city"": ""MESSIMY-SUR-SAÔNE"", ""state"": ""AIN""}"
mairie-meximieux@mairie-meximieux.net,MEXIMIEUX,"{""nom_commune"": ""MEXIMIEUX"", ""departement_numero"": ""1"", ""zipcode"": ""01800"", ""population_commune"": ""7253"", ""code_insee"": ""1244"", ""city"": ""MEXIMIEUX"", ""state"": ""AIN""}"
mairie@bohas-meyriat-rignat.fr,BOHAS-MEYRIAT-RIGNAT,"{""nom_commune"": ""BOHAS-MEYRIAT-RIGNAT"", ""departement_numero"": ""1"", ""zipcode"": ""01250"", ""population_commune"": ""832"", ""code_insee"": ""1245"", ""city"": ""BOHAS-MEYRIAT-RIGNAT"", ""state"": ""AIN""}"
accueil.mezeriat@wanadoo.fr,MÉZÉRIAT,"{""nom_commune"": ""MÉZÉRIAT"", ""departement_numero"": ""1"", ""zipcode"": ""01660"", ""population_commune"": ""2090"", ""code_insee"": ""1246"", ""city"": ""MÉZÉRIAT"", ""state"": ""AIN""}"
accueil.mairie@mijoux.fr,MIJOUX,"{""nom_commune"": ""MIJOUX"", ""departement_numero"": ""1"", ""zipcode"": ""01410"", ""population_commune"": ""377"", ""code_insee"": ""1247"", ""city"": ""MIJOUX"", ""state"": ""AIN""}"
mairie@mionnay.fr,MIONNAY,"{""nom_commune"": ""MIONNAY"", ""departement_numero"": ""1"", ""zipcode"": ""01390"", ""population_commune"": ""2072"", ""code_insee"": ""1248"", ""city"": ""MIONNAY"", ""state"": ""AIN""}"
mairie@miribel.fr,MIRIBEL,"{""nom_commune"": ""MIRIBEL"", ""departement_numero"": ""1"", ""zipcode"": ""01705"", ""population_commune"": ""9031"", ""code_insee"": ""1249"", ""city"": ""MIRIBEL"", ""state"": ""AIN""}"
mairie@miserieux.fr,MISÉRIEUX,"{""nom_commune"": ""MISÉRIEUX"", ""departement_numero"": ""1"", ""zipcode"": ""01600"", ""population_commune"": ""1779"", ""code_insee"": ""1250"", ""city"": ""MISÉRIEUX"", ""state"": ""AIN""}"
secretariat@mogneneins.com,MOGNENEINS,"{""nom_commune"": ""MOGNENEINS"", ""departement_numero"": ""1"", ""zipcode"": ""01140"", ""population_commune"": ""737"", ""code_insee"": ""1252"", ""city"": ""MOGNENEINS"", ""state"": ""AIN""}"
mairie@montagnat.fr,MONTAGNAT,"{""nom_commune"": ""MONTAGNAT"", ""departement_numero"": ""1"", ""zipcode"": ""01250"", ""population_commune"": ""1693"", ""code_insee"": ""1254"", ""city"": ""MONTAGNAT"", ""state"": ""AIN""}"
mairie.montagnieu@gmail.com,MONTAGNIEU,"{""nom_commune"": ""MONTAGNIEU"", ""departement_numero"": ""1"", ""zipcode"": ""01470"", ""population_commune"": ""514"", ""code_insee"": ""1255"", ""city"": ""MONTAGNIEU"", ""state"": ""AIN""}"
contact@montagnieu-isere.fr,MONTAGNIEU,"{""nom_commune"": ""MONTAGNIEU"", ""departement_numero"": ""38"", ""zipcode"": ""38110"", ""population_commune"": ""514"", ""code_insee"": ""1255"", ""city"": ""MONTAGNIEU"", ""state"": ""AIN""}"
mairiedemontanges@adeli.biz,MONTANGES,"{""nom_commune"": ""MONTANGES"", ""departement_numero"": ""1"", ""zipcode"": ""01200"", ""population_commune"": ""327"", ""code_insee"": ""1257"", ""city"": ""MONTANGES"", ""state"": ""AIN""}"
secretariat@mairie-montceaux.fr,MONTCEAUX,"{""nom_commune"": ""MONTCEAUX"", ""departement_numero"": ""1"", ""zipcode"": ""01090"", ""population_commune"": ""1214"", ""code_insee"": ""1258"", ""city"": ""MONTCEAUX"", ""state"": ""AIN""}"
mairie@montcet.fr,MONTCET,"{""nom_commune"": ""MONTCET"", ""departement_numero"": ""1"", ""zipcode"": ""01310"", ""population_commune"": ""668"", ""code_insee"": ""1259"", ""city"": ""MONTCET"", ""state"": ""AIN""}"
mairie.lemontellier@gmail.com,LE MONTELLIER,"{""nom_commune"": ""LE MONTELLIER"", ""departement_numero"": ""1"", ""zipcode"": ""01800"", ""population_commune"": ""243"", ""code_insee"": ""1260"", ""city"": ""LE MONTELLIER"", ""state"": ""AIN""}"
mairiedemonthieux@wanadoo.fr,MONTHIEUX,"{""nom_commune"": ""MONTHIEUX"", ""departement_numero"": ""1"", ""zipcode"": ""01390"", ""population_commune"": ""623"", ""code_insee"": ""1261"", ""city"": ""MONTHIEUX"", ""state"": ""AIN""}"
mairie@ville-montluel.fr,MONTLUEL,"{""nom_commune"": ""MONTLUEL"", ""departement_numero"": ""1"", ""zipcode"": ""01120"", ""population_commune"": ""7112"", ""code_insee"": ""1262"", ""city"": ""MONTLUEL"", ""state"": ""AIN""}"
contact@mairie-montmerle.fr,MONTMERLE-SUR-SAÔNE,"{""nom_commune"": ""MONTMERLE-SUR-SAÔNE"", ""departement_numero"": ""1"", ""zipcode"": ""01090"", ""population_commune"": ""3818"", ""code_insee"": ""1263"", ""city"": ""MONTMERLE-SUR-SAÔNE"", ""state"": ""AIN""}"
mairie@montracol.fr,MONTRACOL,"{""nom_commune"": ""MONTRACOL"", ""departement_numero"": ""1"", ""zipcode"": ""01310"", ""population_commune"": ""970"", ""code_insee"": ""1264"", ""city"": ""MONTRACOL"", ""state"": ""AIN""}"
mairie@montreal-lacluse.fr,MONTRÉAL-LA-CLUSE,"{""nom_commune"": ""MONTRÉAL-LA-CLUSE"", ""departement_numero"": ""1"", ""zipcode"": ""01460"", ""population_commune"": ""3422"", ""code_insee"": ""1265"", ""city"": ""MONTRÉAL-LA-CLUSE"", ""state"": ""AIN""}"
mairie@montrevel-en-bresse.fr,MONTREVEL-EN-BRESSE,"{""nom_commune"": ""MONTREVEL-EN-BRESSE"", ""departement_numero"": ""1"", ""zipcode"": ""01340"", ""population_commune"": ""2390"", ""code_insee"": ""1266"", ""city"": ""MONTREVEL-EN-BRESSE"", ""state"": ""AIN""}"
nurieux.volognat@wanadoo.fr,NURIEUX-VOLOGNAT,"{""nom_commune"": ""NURIEUX-VOLOGNAT"", ""departement_numero"": ""1"", ""zipcode"": ""01460"", ""population_commune"": ""1044"", ""code_insee"": ""1267"", ""city"": ""NURIEUX-VOLOGNAT"", ""state"": ""AIN""}"
mairie@murs-et-gelignieux.com,MURS-ET-GÉLIGNIEUX,"{""nom_commune"": ""MURS-ET-GÉLIGNIEUX"", ""departement_numero"": ""1"", ""zipcode"": ""01300"", ""population_commune"": ""245"", ""code_insee"": ""1268"", ""city"": ""MURS-ET-GÉLIGNIEUX"", ""state"": ""AIN""}"
mairie@nantua.fr,NANTUA,"{""nom_commune"": ""NANTUA"", ""departement_numero"": ""1"", ""zipcode"": ""01130"", ""population_commune"": ""3651"", ""code_insee"": ""1269"", ""city"": ""NANTUA"", ""state"": ""AIN""}"
contact@neuvillelesdames01.fr,NEUVILLE-LES-DAMES,"{""nom_commune"": ""NEUVILLE-LES-DAMES"", ""departement_numero"": ""1"", ""zipcode"": ""01400"", ""population_commune"": ""1497"", ""code_insee"": ""1272"", ""city"": ""NEUVILLE-LES-DAMES"", ""state"": ""AIN""}"
mairie@neuvillesurain.fr,NEUVILLE-SUR-AIN,"{""nom_commune"": ""NEUVILLE-SUR-AIN"", ""departement_numero"": ""1"", ""zipcode"": ""01160"", ""population_commune"": ""1592"", ""code_insee"": ""1273"", ""city"": ""NEUVILLE-SUR-AIN"", ""state"": ""AIN""}"
mairielesneyrolles@wanadoo.fr,LES NEYROLLES,"{""nom_commune"": ""LES NEYROLLES"", ""departement_numero"": ""1"", ""zipcode"": ""01130"", ""population_commune"": ""632"", ""code_insee"": ""1274"", ""city"": ""LES NEYROLLES"", ""state"": ""AIN""}"
mairie@mairie-neyron.fr,NEYRON,"{""nom_commune"": ""NEYRON"", ""departement_numero"": ""1"", ""zipcode"": ""01700"", ""population_commune"": ""2489"", ""code_insee"": ""1275"", ""city"": ""NEYRON"", ""state"": ""AIN""}"
mairie@ville-nievroz.fr,NIÉVROZ,"{""nom_commune"": ""NIÉVROZ"", ""departement_numero"": ""1"", ""zipcode"": ""01120"", ""population_commune"": ""1495"", ""code_insee"": ""1276"", ""city"": ""NIÉVROZ"", ""state"": ""AIN""}"
mairie.nivollet.montgriffon607@orange.fr,NIVOLLET-MONTGRIFFON,"{""nom_commune"": ""NIVOLLET-MONTGRIFFON"", ""departement_numero"": ""1"", ""zipcode"": ""01230"", ""population_commune"": ""135"", ""code_insee"": ""1277"", ""city"": ""NIVOLLET-MONTGRIFFON"", ""state"": ""AIN""}"
mairie.oncieu@outlook.fr,ONCIEU,"{""nom_commune"": ""ONCIEU"", ""departement_numero"": ""1"", ""zipcode"": ""01230"", ""population_commune"": ""93"", ""code_insee"": ""1279"", ""city"": ""ONCIEU"", ""state"": ""AIN""}"
mairie-ordonnaz@orange.fr,ORDONNAZ,"{""nom_commune"": ""ORDONNAZ"", ""departement_numero"": ""1"", ""zipcode"": ""01510"", ""population_commune"": ""147"", ""code_insee"": ""1280"", ""city"": ""ORDONNAZ"", ""state"": ""AIN""}"
mairie@ornex.fr,ORNEX,"{""nom_commune"": ""ORNEX"", ""departement_numero"": ""1"", ""zipcode"": ""01210"", ""population_commune"": ""3779"", ""code_insee"": ""1281"", ""city"": ""ORNEX"", ""state"": ""AIN""}"
mairie@mail-outriaz.fr,OUTRIAZ,"{""nom_commune"": ""OUTRIAZ"", ""departement_numero"": ""1"", ""zipcode"": ""01430"", ""population_commune"": ""252"", ""code_insee"": ""1282"", ""city"": ""OUTRIAZ"", ""state"": ""AIN""}"
administration.generale@oyonnax.fr,OYONNAX,"{""nom_commune"": ""OYONNAX"", ""departement_numero"": ""1"", ""zipcode"": ""01100"", ""population_commune"": ""22459"", ""code_insee"": ""1283"", ""city"": ""OYONNAX"", ""state"": ""AIN""}"
mairie.ozan@gmail.com,OZAN,"{""nom_commune"": ""OZAN"", ""departement_numero"": ""1"", ""zipcode"": ""01190"", ""population_commune"": ""625"", ""code_insee"": ""1284"", ""city"": ""OZAN"", ""state"": ""AIN""}"
contact@parcieux.fr,PARCIEUX,"{""nom_commune"": ""PARCIEUX"", ""departement_numero"": ""1"", ""zipcode"": ""01600"", ""population_commune"": ""1109"", ""code_insee"": ""1285"", ""city"": ""PARCIEUX"", ""state"": ""AIN""}"
accueil@mairieperon.fr,PÉRON,"{""nom_commune"": ""PÉRON"", ""departement_numero"": ""1"", ""zipcode"": ""01630"", ""population_commune"": ""2254"", ""code_insee"": ""1288"", ""city"": ""PÉRON"", ""state"": ""AIN""}"
info@peronnas.fr,PÉRONNAS,"{""nom_commune"": ""PÉRONNAS"", ""departement_numero"": ""1"", ""zipcode"": ""01960"", ""population_commune"": ""6053"", ""code_insee"": ""1289"", ""city"": ""PÉRONNAS"", ""state"": ""AIN""}"
mairie.perouges@wanadoo.fr,PÉROUGES,"{""nom_commune"": ""PÉROUGES"", ""departement_numero"": ""1"", ""zipcode"": ""01800"", ""population_commune"": ""1203"", ""code_insee"": ""1290"", ""city"": ""PÉROUGES"", ""state"": ""AIN""}"
mairie@perrex.fr,PERREX,"{""nom_commune"": ""PERREX"", ""departement_numero"": ""1"", ""zipcode"": ""01540"", ""population_commune"": ""810"", ""code_insee"": ""1291"", ""city"": ""PERREX"", ""state"": ""AIN""}"
mairie.peyriat@wanadoo.fr,PEYRIAT,"{""nom_commune"": ""PEYRIAT"", ""departement_numero"": ""1"", ""zipcode"": ""01430"", ""population_commune"": ""172"", ""code_insee"": ""1293"", ""city"": ""PEYRIAT"", ""state"": ""AIN""}"
communedepeyrieu@orange.fr,PEYRIEU,"{""nom_commune"": ""PEYRIEU"", ""departement_numero"": ""1"", ""zipcode"": ""01300"", ""population_commune"": ""834"", ""code_insee"": ""1294"", ""city"": ""PEYRIEU"", ""state"": ""AIN""}"
mairie.peyzieux@wanadoo.fr,PEYZIEUX-SUR-SAÔNE,"{""nom_commune"": ""PEYZIEUX-SUR-SAÔNE"", ""departement_numero"": ""1"", ""zipcode"": ""01140"", ""population_commune"": ""517"", ""code_insee"": ""1295"", ""city"": ""PEYZIEUX-SUR-SAÔNE"", ""state"": ""AIN""}"
mairie.pirajoux@wanadoo.fr,PIRAJOUX,"{""nom_commune"": ""PIRAJOUX"", ""departement_numero"": ""1"", ""zipcode"": ""01270"", ""population_commune"": ""375"", ""code_insee"": ""1296"", ""city"": ""PIRAJOUX"", ""state"": ""AIN""}"
ville-pizay@wanadoo.fr,PIZAY,"{""nom_commune"": ""PIZAY"", ""departement_numero"": ""1"", ""zipcode"": ""01120"", ""population_commune"": ""780"", ""code_insee"": ""1297"", ""city"": ""PIZAY"", ""state"": ""AIN""}"
commune.plagne@orange.fr,PLAGNE,"{""nom_commune"": ""PLAGNE"", ""departement_numero"": ""1"", ""zipcode"": ""01130"", ""population_commune"": ""139"", ""code_insee"": ""1298"", ""city"": ""PLAGNE"", ""state"": ""AIN""}"
mairie.plagne@wanadoo.fr,PLAGNE,"{""nom_commune"": ""PLAGNE"", ""departement_numero"": ""31"", ""zipcode"": ""31220"", ""population_commune"": ""139"", ""code_insee"": ""1298"", ""city"": ""PLAGNE"", ""state"": ""AIN""}"
commune-du-plantay@orange.fr,LE PLANTAY,"{""nom_commune"": ""LE PLANTAY"", ""departement_numero"": ""1"", ""zipcode"": ""01330"", ""population_commune"": ""536"", ""code_insee"": ""1299"", ""city"": ""LE PLANTAY"", ""state"": ""AIN""}"
accueil@polliat.fr,POLLIAT,"{""nom_commune"": ""POLLIAT"", ""departement_numero"": ""1"", ""zipcode"": ""01310"", ""population_commune"": ""2388"", ""code_insee"": ""1301"", ""city"": ""POLLIAT"", ""state"": ""AIN""}"
mairie@pollieu.fr,POLLIEU,"{""nom_commune"": ""POLLIEU"", ""departement_numero"": ""1"", ""zipcode"": ""01350"", ""population_commune"": ""155"", ""code_insee"": ""1302"", ""city"": ""POLLIEU"", ""state"": ""AIN""}"
mairie@poncin.fr,PONCIN,"{""nom_commune"": ""PONCIN"", ""departement_numero"": ""1"", ""zipcode"": ""01450"", ""population_commune"": ""1665"", ""code_insee"": ""1303"", ""city"": ""PONCIN"", ""state"": ""AIN""}"
mairie@pontdain.fr,PONT-D'AIN,"{""nom_commune"": ""PONT-D'AIN"", ""departement_numero"": ""1"", ""zipcode"": ""01160"", ""population_commune"": ""2636"", ""code_insee"": ""1304"", ""city"": ""PONT-D'AIN"", ""state"": ""AIN""}"
mairie.pont-de-vaux@wanadoo.fr,PONT-DE-VAUX,"{""nom_commune"": ""PONT-DE-VAUX"", ""departement_numero"": ""1"", ""zipcode"": ""01190"", ""population_commune"": ""2219"", ""code_insee"": ""1305"", ""city"": ""PONT-DE-VAUX"", ""state"": ""AIN""}"
mairie@pont-de-veyle.fr,PONT-DE-VEYLE,"{""nom_commune"": ""PONT-DE-VEYLE"", ""departement_numero"": ""1"", ""zipcode"": ""01290"", ""population_commune"": ""1597"", ""code_insee"": ""1306"", ""city"": ""PONT-DE-VEYLE"", ""state"": ""AIN""}"
mairie@mairie-port.fr,PORT,"{""nom_commune"": ""PORT"", ""departement_numero"": ""1"", ""zipcode"": ""01460"", ""population_commune"": ""867"", ""code_insee"": ""1307"", ""city"": ""PORT"", ""state"": ""AIN""}"
pougny@pougny01.com,POUGNY,"{""nom_commune"": ""POUGNY"", ""departement_numero"": ""1"", ""zipcode"": ""01550"", ""population_commune"": ""808"", ""code_insee"": ""1308"", ""city"": ""POUGNY"", ""state"": ""AIN""}"
mairie.pougny@wanadoo.fr,POUGNY,"{""nom_commune"": ""POUGNY"", ""departement_numero"": ""58"", ""zipcode"": ""58200"", ""population_commune"": ""808"", ""code_insee"": ""1308"", ""city"": ""POUGNY"", ""state"": ""AIN""}"
mairie.pouillat@luxinet.fr,POUILLAT,"{""nom_commune"": ""POUILLAT"", ""departement_numero"": ""1"", ""zipcode"": ""01250"", ""population_commune"": ""90"", ""code_insee"": ""1309"", ""city"": ""POUILLAT"", ""state"": ""AIN""}"
mairie@premeyzel.fr,PRÉMEYZEL,"{""nom_commune"": ""PRÉMEYZEL"", ""departement_numero"": ""1"", ""zipcode"": ""01300"", ""population_commune"": ""224"", ""code_insee"": ""1310"", ""city"": ""PRÉMEYZEL"", ""state"": ""AIN""}"
mairie.premillieu01@orange.fr,PRÉMILLIEU,"{""nom_commune"": ""PRÉMILLIEU"", ""departement_numero"": ""1"", ""zipcode"": ""01110"", ""population_commune"": ""39"", ""code_insee"": ""1311"", ""city"": ""PRÉMILLIEU"", ""state"": ""AIN""}"
mairie@prevessin-moens.fr,PRÉVESSIN-MOËNS,"{""nom_commune"": ""PRÉVESSIN-MOËNS"", ""departement_numero"": ""1"", ""zipcode"": ""01280"", ""population_commune"": ""6806"", ""code_insee"": ""1313"", ""city"": ""PRÉVESSIN-MOËNS"", ""state"": ""AIN""}"
secretariat@priay.com,PRIAY,"{""nom_commune"": ""PRIAY"", ""departement_numero"": ""1"", ""zipcode"": ""01160"", ""population_commune"": ""1521"", ""code_insee"": ""1314"", ""city"": ""PRIAY"", ""state"": ""AIN""}"
mairie@ramasse.fr,RAMASSE,"{""nom_commune"": ""RAMASSE"", ""departement_numero"": ""1"", ""zipcode"": ""01250"", ""population_commune"": ""254"", ""code_insee"": ""1317"", ""city"": ""RAMASSE"", ""state"": ""AIN""}"
mairie.rance.01@adeli.biz,RANCÉ,"{""nom_commune"": ""RANCÉ"", ""departement_numero"": ""1"", ""zipcode"": ""01390"", ""population_commune"": ""649"", ""code_insee"": ""1318"", ""city"": ""RANCÉ"", ""state"": ""AIN""}"
mairie-relevant@orange.fr,RELEVANT,"{""nom_commune"": ""RELEVANT"", ""departement_numero"": ""1"", ""zipcode"": ""01990"", ""population_commune"": ""473"", ""code_insee"": ""1319"", ""city"": ""RELEVANT"", ""state"": ""AIN""}"
secretariat@replonges.fr,REPLONGES,"{""nom_commune"": ""REPLONGES"", ""departement_numero"": ""1"", ""zipcode"": ""01750"", ""population_commune"": ""3601"", ""code_insee"": ""1320"", ""city"": ""REPLONGES"", ""state"": ""AIN""}"
mairierevonnas@gmail.com,REVONNAS,"{""nom_commune"": ""REVONNAS"", ""departement_numero"": ""1"", ""zipcode"": ""01250"", ""population_commune"": ""830"", ""code_insee"": ""1321"", ""city"": ""REVONNAS"", ""state"": ""AIN""}"
accueil@reyrieux.fr,REYRIEUX,"{""nom_commune"": ""REYRIEUX"", ""departement_numero"": ""1"", ""zipcode"": ""01600"", ""population_commune"": ""4202"", ""code_insee"": ""1322"", ""city"": ""REYRIEUX"", ""state"": ""AIN""}"
mairie-reyssouze@wanadoo.fr,REYSSOUZE,"{""nom_commune"": ""REYSSOUZE"", ""departement_numero"": ""1"", ""zipcode"": ""01190"", ""population_commune"": ""954"", ""code_insee"": ""1323"", ""city"": ""REYSSOUZE"", ""state"": ""AIN""}"
mairie@rignieuxlefranc.com,RIGNIEUX-LE-FRANC,"{""nom_commune"": ""RIGNIEUX-LE-FRANC"", ""departement_numero"": ""1"", ""zipcode"": ""01800"", ""population_commune"": ""953"", ""code_insee"": ""1325"", ""city"": ""RIGNIEUX-LE-FRANC"", ""state"": ""AIN""}"
romans01400@gmail.com,ROMANS,"{""nom_commune"": ""ROMANS"", ""departement_numero"": ""1"", ""zipcode"": ""01400"", ""population_commune"": ""590"", ""code_insee"": ""1328"", ""city"": ""ROMANS"", ""state"": ""AIN""}"
mairie.romans884@orange.fr,ROMANS,"{""nom_commune"": ""ROMANS"", ""departement_numero"": ""79"", ""zipcode"": ""79260"", ""population_commune"": ""590"", ""code_insee"": ""1328"", ""city"": ""ROMANS"", ""state"": ""AIN""}"
mairierossillon@wanadoo.fr,ROSSILLON,"{""nom_commune"": ""ROSSILLON"", ""departement_numero"": ""1"", ""zipcode"": ""01510"", ""population_commune"": ""150"", ""code_insee"": ""1329"", ""city"": ""ROSSILLON"", ""state"": ""AIN""}"
mairie.st.alban@orange.fr,SAINT-ALBAN,"{""nom_commune"": ""SAINT-ALBAN"", ""departement_numero"": ""1"", ""zipcode"": ""01450"", ""population_commune"": ""164"", ""code_insee"": ""1331"", ""city"": ""SAINT-ALBAN"", ""state"": ""AIN""}"
mairie@saintalban.fr,SAINT-ALBAN,"{""nom_commune"": ""SAINT-ALBAN"", ""departement_numero"": ""22"", ""zipcode"": ""22400"", ""population_commune"": ""164"", ""code_insee"": ""1331"", ""city"": ""SAINT-ALBAN"", ""state"": ""AIN""}"
accueil@mairie-stalban.fr,SAINT-ALBAN,"{""nom_commune"": ""SAINT-ALBAN"", ""departement_numero"": ""31"", ""zipcode"": ""31140"", ""population_commune"": ""164"", ""code_insee"": ""1331"", ""city"": ""SAINT-ALBAN"", ""state"": ""AIN""}"
mairie@saintandredebage.fr,SAINT-ANDRÉ-DE-BÂGÉ,"{""nom_commune"": ""SAINT-ANDRÉ-DE-BÂGÉ"", ""departement_numero"": ""1"", ""zipcode"": ""01380"", ""population_commune"": ""669"", ""code_insee"": ""1332"", ""city"": ""SAINT-ANDRÉ-DE-BÂGÉ"", ""state"": ""AIN""}"
accueil@saintandredecorcy.fr,SAINT-ANDRÉ-DE-CORCY,"{""nom_commune"": ""SAINT-ANDRÉ-DE-CORCY"", ""departement_numero"": ""1"", ""zipcode"": ""01390"", ""population_commune"": ""2975"", ""code_insee"": ""1333"", ""city"": ""SAINT-ANDRÉ-DE-CORCY"", ""state"": ""AIN""}"
mairiesaintandre@wanadoo.fr,SAINT-ANDRÉ-D'HUIRIAT,"{""nom_commune"": ""SAINT-ANDRÉ-D'HUIRIAT"", ""departement_numero"": ""1"", ""zipcode"": ""01290"", ""population_commune"": ""541"", ""code_insee"": ""1334"", ""city"": ""SAINT-ANDRÉ-D'HUIRIAT"", ""state"": ""AIN""}"
mairie-sta-bouchoux@adeli.biz,SAINT-ANDRÉ-LE-BOUCHOUX,"{""nom_commune"": ""SAINT-ANDRÉ-LE-BOUCHOUX"", ""departement_numero"": ""1"", ""zipcode"": ""01240"", ""population_commune"": ""327"", ""code_insee"": ""1335"", ""city"": ""SAINT-ANDRÉ-LE-BOUCHOUX"", ""state"": ""AIN""}"
st-andre-sur-vieux-jonc@ca3b.fr,SAINT-ANDRÉ-SUR-VIEUX-JONC,"{""nom_commune"": ""SAINT-ANDRÉ-SUR-VIEUX-JONC"", ""departement_numero"": ""1"", ""zipcode"": ""01960"", ""population_commune"": ""1091"", ""code_insee"": ""1336"", ""city"": ""SAINT-ANDRÉ-SUR-VIEUX-JONC"", ""state"": ""AIN""}"
stbenigne01@orange.fr,SAINT-BÉNIGNE,"{""nom_commune"": ""SAINT-BÉNIGNE"", ""departement_numero"": ""1"", ""zipcode"": ""01190"", ""population_commune"": ""1185"", ""code_insee"": ""1337"", ""city"": ""SAINT-BÉNIGNE"", ""state"": ""AIN""}"
contact@saintbenoit04.fr,SAINT-BENOÎT,"{""nom_commune"": ""SAINT-BENOÎT"", ""departement_numero"": ""4"", ""zipcode"": ""04240"", ""population_commune"": ""792"", ""code_insee"": ""1338"", ""city"": ""SAINT-BENOÎT"", ""state"": ""AIN""}"
communestbenoit@orange.fr,SAINT-BENOÎT,"{""nom_commune"": ""SAINT-BENOÎT"", ""departement_numero"": ""11"", ""zipcode"": ""11230"", ""population_commune"": ""792"", ""code_insee"": ""1338"", ""city"": ""SAINT-BENOÎT"", ""state"": ""AIN""}"
contact@saintbenoit86.fr,SAINT-BENOÎT,"{""nom_commune"": ""SAINT-BENOÎT"", ""departement_numero"": ""86"", ""zipcode"": ""86280"", ""population_commune"": ""792"", ""code_insee"": ""1338"", ""city"": ""SAINT-BENOÎT"", ""state"": ""AIN""}"
communication@ville-saintbenoit.re,SAINT-BENOÎT,"{""nom_commune"": ""SAINT-BENOÎT"", ""departement_numero"": ""97"", ""zipcode"": ""97470"", ""population_commune"": ""792"", ""code_insee"": ""1338"", ""city"": ""SAINT-BENOÎT"", ""state"": ""AIN""}"
mairie@mairie-saint-bernard.fr,SAINT-BERNARD,"{""nom_commune"": ""SAINT-BERNARD"", ""departement_numero"": ""1"", ""zipcode"": ""01600"", ""population_commune"": ""1386"", ""code_insee"": ""1339"", ""city"": ""SAINT-BERNARD"", ""state"": ""AIN""}"
mairiesaint-bernard@wanadoo.fr,SAINT-BERNARD,"{""nom_commune"": ""SAINT-BERNARD"", ""departement_numero"": ""21"", ""zipcode"": ""21700"", ""population_commune"": ""1386"", ""code_insee"": ""1339"", ""city"": ""SAINT-BERNARD"", ""state"": ""AIN""}"
infos@saint-bernard68.fr,SAINT-BERNARD,"{""nom_commune"": ""SAINT-BERNARD"", ""departement_numero"": ""68"", ""zipcode"": ""68720"", ""population_commune"": ""1386"", ""code_insee"": ""1339"", ""city"": ""SAINT-BERNARD"", ""state"": ""AIN""}"
ville-saintecroix@wanadoo.fr,SAINTE-CROIX,"{""nom_commune"": ""SAINTE-CROIX"", ""departement_numero"": ""1"", ""zipcode"": ""01120"", ""population_commune"": ""530"", ""code_insee"": ""1342"", ""city"": ""SAINTE-CROIX"", ""state"": ""AIN""}"
commune.saintecroix@orange.fr,SAINTE-CROIX,"{""nom_commune"": ""SAINTE-CROIX"", ""departement_numero"": ""2"", ""zipcode"": ""02820"", ""population_commune"": ""530"", ""code_insee"": ""1342"", ""city"": ""SAINTE-CROIX"", ""state"": ""AIN""}"
mairie-ste-croix@orange.fr,SAINTE-CROIX,"{""nom_commune"": ""SAINTE-CROIX"", ""departement_numero"": ""12"", ""zipcode"": ""12260"", ""population_commune"": ""530"", ""code_insee"": ""1342"", ""city"": ""SAINTE-CROIX"", ""state"": ""AIN""}"
mairiedesaintecroix@orange.fr,SAINTE-CROIX,"{""nom_commune"": ""SAINTE-CROIX"", ""departement_numero"": ""26"", ""zipcode"": ""26150"", ""population_commune"": ""530"", ""code_insee"": ""1342"", ""city"": ""SAINTE-CROIX"", ""state"": ""AIN""}"
mairiedesaintecroix.tarn@orange.fr,SAINTE-CROIX,"{""nom_commune"": ""SAINTE-CROIX"", ""departement_numero"": ""81"", ""zipcode"": ""81150"", ""population_commune"": ""530"", ""code_insee"": ""1342"", ""city"": ""SAINTE-CROIX"", ""state"": ""AIN""}"
accueil@saintcyrsurmenthon.fr,SAINT-CYR-SUR-MENTHON,"{""nom_commune"": ""SAINT-CYR-SUR-MENTHON"", ""departement_numero"": ""1"", ""zipcode"": ""01380"", ""population_commune"": ""1674"", ""code_insee"": ""1343"", ""city"": ""SAINT-CYR-SUR-MENTHON"", ""state"": ""AIN""}"
mairie@stdenislesbourg.fr,SAINT-DENIS-LÈS-BOURG,"{""nom_commune"": ""SAINT-DENIS-LÈS-BOURG"", ""departement_numero"": ""1"", ""zipcode"": ""01000"", ""population_commune"": ""5492"", ""code_insee"": ""1344"", ""city"": ""SAINT-DENIS-LÈS-BOURG"", ""state"": ""AIN""}"
secretariat@mairie-stdenis.fr,SAINT-DENIS-EN-BUGEY,"{""nom_commune"": ""SAINT-DENIS-EN-BUGEY"", ""departement_numero"": ""1"", ""zipcode"": ""01500"", ""population_commune"": ""2154"", ""code_insee"": ""1345"", ""city"": ""SAINT-DENIS-EN-BUGEY"", ""state"": ""AIN""}"
mairie@saint-didier-daussiat.com,SAINT-DIDIER-D'AUSSIAT,"{""nom_commune"": ""SAINT-DIDIER-D'AUSSIAT"", ""departement_numero"": ""1"", ""zipcode"": ""01340"", ""population_commune"": ""876"", ""code_insee"": ""1346"", ""city"": ""SAINT-DIDIER-D'AUSSIAT"", ""state"": ""AIN""}"
contact@saintdidierdeformans.fr,SAINT-DIDIER-DE-FORMANS,"{""nom_commune"": ""SAINT-DIDIER-DE-FORMANS"", ""departement_numero"": ""1"", ""zipcode"": ""01600"", ""population_commune"": ""1775"", ""code_insee"": ""1347"", ""city"": ""SAINT-DIDIER-DE-FORMANS"", ""state"": ""AIN""}"
mairie@st-didier-chalaronne.org,SAINT-DIDIER-SUR-CHALARONNE,"{""nom_commune"": ""SAINT-DIDIER-SUR-CHALARONNE"", ""departement_numero"": ""1"", ""zipcode"": ""01140"", ""population_commune"": ""2768"", ""code_insee"": ""1348"", ""city"": ""SAINT-DIDIER-SUR-CHALARONNE"", ""state"": ""AIN""}"
mairie@sainte-euphemie.fr,SAINTE-EUPHÉMIE,"{""nom_commune"": ""SAINTE-EUPHÉMIE"", ""departement_numero"": ""1"", ""zipcode"": ""01600"", ""population_commune"": ""1531"", ""code_insee"": ""1353"", ""city"": ""SAINTE-EUPHÉMIE"", ""state"": ""AIN""}"
mairie@saint-genis-pouilly.fr,SAINT-GENIS-POUILLY,"{""nom_commune"": ""SAINT-GENIS-POUILLY"", ""departement_numero"": ""1"", ""zipcode"": ""01630"", ""population_commune"": ""9186"", ""code_insee"": ""1354"", ""city"": ""SAINT-GENIS-POUILLY"", ""state"": ""AIN""}"
mairiesaintgenissurmenthon@gmail.com,SAINT-GENIS-SUR-MENTHON,"{""nom_commune"": ""SAINT-GENIS-SUR-MENTHON"", ""departement_numero"": ""1"", ""zipcode"": ""01380"", ""population_commune"": ""428"", ""code_insee"": ""1355"", ""city"": ""SAINT-GENIS-SUR-MENTHON"", ""state"": ""AIN""}"
st-georges-sur-renon@wanadoo.fr,SAINT-GEORGES-SUR-RENON,"{""nom_commune"": ""SAINT-GEORGES-SUR-RENON"", ""departement_numero"": ""1"", ""zipcode"": ""01400"", ""population_commune"": ""203"", ""code_insee"": ""1356"", ""city"": ""SAINT-GEORGES-SUR-RENON"", ""state"": ""AIN""}"
mairie@saintgermaindejoux.fr,SAINT-GERMAIN-DE-JOUX,"{""nom_commune"": ""SAINT-GERMAIN-DE-JOUX"", ""departement_numero"": ""1"", ""zipcode"": ""01130"", ""population_commune"": ""477"", ""code_insee"": ""1357"", ""city"": ""SAINT-GERMAIN-DE-JOUX"", ""state"": ""AIN""}"
mairie-st-germain-les-paroisses@wanadoo.fr,SAINT-GERMAIN-LES-PAROISSES,"{""nom_commune"": ""SAINT-GERMAIN-LES-PAROISSES"", ""departement_numero"": ""1"", ""zipcode"": ""01300"", ""population_commune"": ""397"", ""code_insee"": ""1358"", ""city"": ""SAINT-GERMAIN-LES-PAROISSES"", ""state"": ""AIN""}"
mairiestgermain@wanadoo.fr,SAINT-GERMAIN-SUR-RENON,"{""nom_commune"": ""SAINT-GERMAIN-SUR-RENON"", ""departement_numero"": ""1"", ""zipcode"": ""01240"", ""population_commune"": ""233"", ""code_insee"": ""1359"", ""city"": ""SAINT-GERMAIN-SUR-RENON"", ""state"": ""AIN""}"
mairie@stjeandegonville.fr,SAINT-JEAN-DE-GONVILLE,"{""nom_commune"": ""SAINT-JEAN-DE-GONVILLE"", ""departement_numero"": ""1"", ""zipcode"": ""01630"", ""population_commune"": ""1498"", ""code_insee"": ""1360"", ""city"": ""SAINT-JEAN-DE-GONVILLE"", ""state"": ""AIN""}"
contact@saintjeandeniost.fr,SAINT-JEAN-DE-NIOST,"{""nom_commune"": ""SAINT-JEAN-DE-NIOST"", ""departement_numero"": ""1"", ""zipcode"": ""01800"", ""population_commune"": ""1429"", ""code_insee"": ""1361"", ""city"": ""SAINT-JEAN-DE-NIOST"", ""state"": ""AIN""}"
mairie@saint-jean-de-thurigneux.fr,SAINT-JEAN-DE-THURIGNEUX,"{""nom_commune"": ""SAINT-JEAN-DE-THURIGNEUX"", ""departement_numero"": ""1"", ""zipcode"": ""01390"", ""population_commune"": ""757"", ""code_insee"": ""1362"", ""city"": ""SAINT-JEAN-DE-THURIGNEUX"", ""state"": ""AIN""}"
contact@saintjeanlevieux01.fr,SAINT-JEAN-LE-VIEUX,"{""nom_commune"": ""SAINT-JEAN-LE-VIEUX"", ""departement_numero"": ""1"", ""zipcode"": ""01640"", ""population_commune"": ""1606"", ""code_insee"": ""1363"", ""city"": ""SAINT-JEAN-LE-VIEUX"", ""state"": ""AIN""}"
mairie@saintjeanlevieux.fr,SAINT-JEAN-LE-VIEUX,"{""nom_commune"": ""SAINT-JEAN-LE-VIEUX"", ""departement_numero"": ""38"", ""zipcode"": ""38420"", ""population_commune"": ""1606"", ""code_insee"": ""1363"", ""city"": ""SAINT-JEAN-LE-VIEUX"", ""state"": ""AIN""}"
mairie@saintjeanlevieux64.fr,SAINT-JEAN-LE-VIEUX,"{""nom_commune"": ""SAINT-JEAN-LE-VIEUX"", ""departement_numero"": ""64"", ""zipcode"": ""64220"", ""population_commune"": ""1606"", ""code_insee"": ""1363"", ""city"": ""SAINT-JEAN-LE-VIEUX"", ""state"": ""AIN""}"
mairiestjean-reyssouze@wanadoo.fr,SAINT-JEAN-SUR-REYSSOUZE,"{""nom_commune"": ""SAINT-JEAN-SUR-REYSSOUZE"", ""departement_numero"": ""1"", ""zipcode"": ""01560"", ""population_commune"": ""738"", ""code_insee"": ""1364"", ""city"": ""SAINT-JEAN-SUR-REYSSOUZE"", ""state"": ""AIN""}"
accueil@mairie-saintjeansurveyle.com,SAINT-JEAN-SUR-VEYLE,"{""nom_commune"": ""SAINT-JEAN-SUR-VEYLE"", ""departement_numero"": ""1"", ""zipcode"": ""01290"", ""population_commune"": ""1087"", ""code_insee"": ""1365"", ""city"": ""SAINT-JEAN-SUR-VEYLE"", ""state"": ""AIN""}"
mairie@saintejulie.fr,SAINTE-JULIE,"{""nom_commune"": ""SAINTE-JULIE"", ""departement_numero"": ""1"", ""zipcode"": ""01150"", ""population_commune"": ""912"", ""code_insee"": ""1366"", ""city"": ""SAINTE-JULIE"", ""state"": ""AIN""}"
mairiejulienreyssouze@orange.fr,SAINT-JULIEN-SUR-REYSSOUZE,"{""nom_commune"": ""SAINT-JULIEN-SUR-REYSSOUZE"", ""departement_numero"": ""1"", ""zipcode"": ""01560"", ""population_commune"": ""709"", ""code_insee"": ""1367"", ""city"": ""SAINT-JULIEN-SUR-REYSSOUZE"", ""state"": ""AIN""}"
mairiedesaintjuliensurveyle@gmail.com,SAINT-JULIEN-SUR-VEYLE,"{""nom_commune"": ""SAINT-JULIEN-SUR-VEYLE"", ""departement_numero"": ""1"", ""zipcode"": ""01540"", ""population_commune"": ""727"", ""code_insee"": ""1368"", ""city"": ""SAINT-JULIEN-SUR-VEYLE"", ""state"": ""AIN""}"
mairie@saintjust01.fr,SAINT-JUST,"{""nom_commune"": ""SAINT-JUST"", ""departement_numero"": ""1"", ""zipcode"": ""01250"", ""population_commune"": ""883"", ""code_insee"": ""1369"", ""city"": ""SAINT-JUST"", ""state"": ""AIN""}"
mairie.stjust18@wanadoo.fr,SAINT-JUST,"{""nom_commune"": ""SAINT-JUST"", ""departement_numero"": ""18"", ""zipcode"": ""18340"", ""population_commune"": ""883"", ""code_insee"": ""1369"", ""city"": ""SAINT-JUST"", ""state"": ""AIN""}"
mairie@saintjust24.fr,SAINT-JUST,"{""nom_commune"": ""SAINT-JUST"", ""departement_numero"": ""24"", ""zipcode"": ""24320"", ""population_commune"": ""883"", ""code_insee"": ""1369"", ""city"": ""SAINT-JUST"", ""state"": ""AIN""}"
mairie@saintjust34.com,SAINT-JUST,"{""nom_commune"": ""SAINT-JUST"", ""departement_numero"": ""34"", ""zipcode"": ""34400"", ""population_commune"": ""883"", ""code_insee"": ""1369"", ""city"": ""SAINT-JUST"", ""state"": ""AIN""}"
mairie@saintjust35.fr,SAINT-JUST,"{""nom_commune"": ""SAINT-JUST"", ""departement_numero"": ""35"", ""zipcode"": ""35550"", ""population_commune"": ""883"", ""code_insee"": ""1369"", ""city"": ""SAINT-JUST"", ""state"": ""AIN""}"
mairie.stjust@gmail.com,SAINT-JUST,"{""nom_commune"": ""SAINT-JUST"", ""departement_numero"": ""63"", ""zipcode"": ""63600"", ""population_commune"": ""883"", ""code_insee"": ""1369"", ""city"": ""SAINT-JUST"", ""state"": ""AIN""}"
mairie@saintlaurentsursaone.fr,SAINT-LAURENT-SUR-SAÔNE,"{""nom_commune"": ""SAINT-LAURENT-SUR-SAÔNE"", ""departement_numero"": ""1"", ""zipcode"": ""01750"", ""population_commune"": ""1760"", ""code_insee"": ""1370"", ""city"": ""SAINT-LAURENT-SUR-SAÔNE"", ""state"": ""AIN""}"
secretariat@mairie-saint-marcel.fr,SAINT-MARCEL,"{""nom_commune"": ""SAINT-MARCEL"", ""departement_numero"": ""1"", ""zipcode"": ""01390"", ""population_commune"": ""1205"", ""code_insee"": ""1371"", ""city"": ""SAINT-MARCEL"", ""state"": ""AIN""}"
mairie-saint-marcel@orange.fr,SAINT-MARCEL,"{""nom_commune"": ""SAINT-MARCEL"", ""departement_numero"": ""8"", ""zipcode"": ""08460"", ""population_commune"": ""1205"", ""code_insee"": ""1371"", ""city"": ""SAINT-MARCEL"", ""state"": ""AIN""}"
mairie@marcel27.fr,SAINT-MARCEL,"{""nom_commune"": ""SAINT-MARCEL"", ""departement_numero"": ""27"", ""zipcode"": ""27950"", ""population_commune"": ""1205"", ""code_insee"": ""1371"", ""city"": ""SAINT-MARCEL"", ""state"": ""AIN""}"
contact@mairie-stmarcel36.com,SAINT-MARCEL,"{""nom_commune"": ""SAINT-MARCEL"", ""departement_numero"": ""36"", ""zipcode"": ""36200"", ""population_commune"": ""1205"", ""code_insee"": ""1371"", ""city"": ""SAINT-MARCEL"", ""state"": ""AIN""}"
mairiedesaintmarcel@west-telecom.com,SAINT-MARCEL,"{""nom_commune"": ""SAINT-MARCEL"", ""departement_numero"": ""54"", ""zipcode"": ""54800"", ""population_commune"": ""1205"", ""code_insee"": ""1371"", ""city"": ""SAINT-MARCEL"", ""state"": ""AIN""}"
mairie@saint-marcel.bzh,SAINT-MARCEL,"{""nom_commune"": ""SAINT-MARCEL"", ""departement_numero"": ""56"", ""zipcode"": ""56140"", ""population_commune"": ""1205"", ""code_insee"": ""1371"", ""city"": ""SAINT-MARCEL"", ""state"": ""AIN""}"
mairie.stmarcel@orange.fr,SAINT-MARCEL,"{""nom_commune"": ""SAINT-MARCEL"", ""departement_numero"": ""70"", ""zipcode"": ""70500"", ""population_commune"": ""1205"", ""code_insee"": ""1371"", ""city"": ""SAINT-MARCEL"", ""state"": ""AIN""}"
mairie@saintmarcel.com,SAINT-MARCEL,"{""nom_commune"": ""SAINT-MARCEL"", ""departement_numero"": ""71"", ""zipcode"": ""71380"", ""population_commune"": ""1205"", ""code_insee"": ""1371"", ""city"": ""SAINT-MARCEL"", ""state"": ""AIN""}"
contact@mairie-st-marcel.fr,SAINT-MARCEL,"{""nom_commune"": ""SAINT-MARCEL"", ""departement_numero"": ""73"", ""zipcode"": ""73600"", ""population_commune"": ""1205"", ""code_insee"": ""1371"", ""city"": ""SAINT-MARCEL"", ""state"": ""AIN""}"
mairie.stmartindebavel@wanadoo.fr,SAINT-MARTIN-DE-BAVEL,"{""nom_commune"": ""SAINT-MARTIN-DE-BAVEL"", ""departement_numero"": ""1"", ""zipcode"": ""01510"", ""population_commune"": ""436"", ""code_insee"": ""1372"", ""city"": ""SAINT-MARTIN-DE-BAVEL"", ""state"": ""AIN""}"
mairie@saintmartindufresne.com,SAINT-MARTIN-DU-FRÊNE,"{""nom_commune"": ""SAINT-MARTIN-DU-FRÊNE"", ""departement_numero"": ""1"", ""zipcode"": ""01430"", ""population_commune"": ""1093"", ""code_insee"": ""1373"", ""city"": ""SAINT-MARTIN-DU-FRÊNE"", ""state"": ""AIN""}"
mairie@saintmartindumont.fr,SAINT-MARTIN-DU-MONT,"{""nom_commune"": ""SAINT-MARTIN-DU-MONT"", ""departement_numero"": ""1"", ""zipcode"": ""01160"", ""population_commune"": ""1681"", ""code_insee"": ""1374"", ""city"": ""SAINT-MARTIN-DU-MONT"", ""state"": ""AIN""}"
mairiesaintmartin21440@gmail.com,SAINT-MARTIN-DU-MONT,"{""nom_commune"": ""SAINT-MARTIN-DU-MONT"", ""departement_numero"": ""21"", ""zipcode"": ""21440"", ""population_commune"": ""1681"", ""code_insee"": ""1374"", ""city"": ""SAINT-MARTIN-DU-MONT"", ""state"": ""AIN""}"
mont.mmartin@wanadoo.fr,SAINT-MARTIN-DU-MONT,"{""nom_commune"": ""SAINT-MARTIN-DU-MONT"", ""departement_numero"": ""71"", ""zipcode"": ""71580"", ""population_commune"": ""1681"", ""code_insee"": ""1374"", ""city"": ""SAINT-MARTIN-DU-MONT"", ""state"": ""AIN""}"
mairiestmartinlechatel@wanadoo.fr,SAINT-MARTIN-LE-CHÂTEL,"{""nom_commune"": ""SAINT-MARTIN-LE-CHÂTEL"", ""departement_numero"": ""1"", ""zipcode"": ""01310"", ""population_commune"": ""792"", ""code_insee"": ""1375"", ""city"": ""SAINT-MARTIN-LE-CHÂTEL"", ""state"": ""AIN""}"
mairie@saint-maurice-de-beynost.fr,SAINT-MAURICE-DE-BEYNOST,"{""nom_commune"": ""SAINT-MAURICE-DE-BEYNOST"", ""departement_numero"": ""1"", ""zipcode"": ""01703"", ""population_commune"": ""3864"", ""code_insee"": ""1376"", ""city"": ""SAINT-MAURICE-DE-BEYNOST"", ""state"": ""AIN""}"
mairiegourdans@wanadoo.fr,SAINT-MAURICE-DE-GOURDANS,"{""nom_commune"": ""SAINT-MAURICE-DE-GOURDANS"", ""departement_numero"": ""1"", ""zipcode"": ""01800"", ""population_commune"": ""2475"", ""code_insee"": ""1378"", ""city"": ""SAINT-MAURICE-DE-GOURDANS"", ""state"": ""AIN""}"
secretariat.stmauricederemens@orange.fr,SAINT-MAURICE-DE-RÉMENS,"{""nom_commune"": ""SAINT-MAURICE-DE-RÉMENS"", ""departement_numero"": ""1"", ""zipcode"": ""01500"", ""population_commune"": ""714"", ""code_insee"": ""1379"", ""city"": ""SAINT-MAURICE-DE-RÉMENS"", ""state"": ""AIN""}"
mairie.stnizierlebouchoux@wanadoo.fr,SAINT-NIZIER-LE-BOUCHOUX,"{""nom_commune"": ""SAINT-NIZIER-LE-BOUCHOUX"", ""departement_numero"": ""1"", ""zipcode"": ""01560"", ""population_commune"": ""694"", ""code_insee"": ""1380"", ""city"": ""SAINT-NIZIER-LE-BOUCHOUX"", ""state"": ""AIN""}"
mairie@stnizierledesert.fr,SAINT-NIZIER-LE-DÉSERT,"{""nom_commune"": ""SAINT-NIZIER-LE-DÉSERT"", ""departement_numero"": ""1"", ""zipcode"": ""01320"", ""population_commune"": ""884"", ""code_insee"": ""1381"", ""city"": ""SAINT-NIZIER-LE-DÉSERT"", ""state"": ""AIN""}"
mairie.steolive@adeli.biz,SAINTE-OLIVE,"{""nom_commune"": ""SAINTE-OLIVE"", ""departement_numero"": ""1"", ""zipcode"": ""01330"", ""population_commune"": ""299"", ""code_insee"": ""1382"", ""city"": ""SAINTE-OLIVE"", ""state"": ""AIN""}"
accueil@saintpauldevarax.fr,SAINT-PAUL-DE-VARAX,"{""nom_commune"": ""SAINT-PAUL-DE-VARAX"", ""departement_numero"": ""1"", ""zipcode"": ""01240"", ""population_commune"": ""1526"", ""code_insee"": ""1383"", ""city"": ""SAINT-PAUL-DE-VARAX"", ""state"": ""AIN""}"
mairie@saintrambertenbugey.fr,SAINT-RAMBERT-EN-BUGEY,"{""nom_commune"": ""SAINT-RAMBERT-EN-BUGEY"", ""departement_numero"": ""1"", ""zipcode"": ""01230"", ""population_commune"": ""2191"", ""code_insee"": ""1384"", ""city"": ""SAINT-RAMBERT-EN-BUGEY"", ""state"": ""AIN""}"
mairie@st-remy01.fr,SAINT-RÉMY,"{""nom_commune"": ""SAINT-RÉMY"", ""departement_numero"": ""1"", ""zipcode"": ""01310"", ""population_commune"": ""942"", ""code_insee"": ""1385"", ""city"": ""SAINT-RÉMY"", ""state"": ""AIN""}"
saint.remy@wanadoo.fr,SAINT-RÉMY,"{""nom_commune"": ""SAINT-RÉMY"", ""departement_numero"": ""12"", ""zipcode"": ""12200"", ""population_commune"": ""942"", ""code_insee"": ""1385"", ""city"": ""SAINT-RÉMY"", ""state"": ""AIN""}"
mairie@stremy.fr,SAINT-RÉMY,"{""nom_commune"": ""SAINT-RÉMY"", ""departement_numero"": ""14"", ""zipcode"": ""14570"", ""population_commune"": ""942"", ""code_insee"": ""1385"", ""city"": ""SAINT-RÉMY"", ""state"": ""AIN""}"
mairie.saintremy@orange.fr,SAINT-RÉMY,"{""nom_commune"": ""SAINT-RÉMY"", ""departement_numero"": ""19"", ""zipcode"": ""19290"", ""population_commune"": ""942"", ""code_insee"": ""1385"", ""city"": ""SAINT-RÉMY"", ""state"": ""AIN""}"
mairie.saint-remy@wanadoo.fr,SAINT-RÉMY,"{""nom_commune"": ""SAINT-RÉMY"", ""departement_numero"": ""21"", ""zipcode"": ""21500"", ""population_commune"": ""942"", ""code_insee"": ""1385"", ""city"": ""SAINT-RÉMY"", ""state"": ""AIN""}"
mairie@saint-remy71.fr,SAINT-RÉMY,"{""nom_commune"": ""SAINT-RÉMY"", ""departement_numero"": ""71"", ""zipcode"": ""71100"", ""population_commune"": ""942"", ""code_insee"": ""1385"", ""city"": ""SAINT-RÉMY"", ""state"": ""AIN""}"
mairie@saintremy79.fr,SAINT-RÉMY,"{""nom_commune"": ""SAINT-RÉMY"", ""departement_numero"": ""79"", ""zipcode"": ""79410"", ""population_commune"": ""942"", ""code_insee"": ""1385"", ""city"": ""SAINT-RÉMY"", ""state"": ""AIN""}"
mairiestso@orange.fr,SAINT-SORLIN-EN-BUGEY,"{""nom_commune"": ""SAINT-SORLIN-EN-BUGEY"", ""departement_numero"": ""1"", ""zipcode"": ""01150"", ""population_commune"": ""1055"", ""code_insee"": ""1386"", ""city"": ""SAINT-SORLIN-EN-BUGEY"", ""state"": ""AIN""}"
accueil@saint-sulpice01.fr,SAINT-SULPICE,"{""nom_commune"": ""SAINT-SULPICE"", ""departement_numero"": ""1"", ""zipcode"": ""01340"", ""population_commune"": ""155"", ""code_insee"": ""1387"", ""city"": ""SAINT-SULPICE"", ""state"": ""AIN""}"
mairiesaintsulpice46@orange.fr,SAINT-SULPICE,"{""nom_commune"": ""SAINT-SULPICE"", ""departement_numero"": ""46"", ""zipcode"": ""46160"", ""population_commune"": ""155"", ""code_insee"": ""1387"", ""city"": ""SAINT-SULPICE"", ""state"": ""AIN""}"
mairiesaintsulpice@wanadoo.fr,SAINT-SULPICE,"{""nom_commune"": ""SAINT-SULPICE"", ""departement_numero"": ""58"", ""zipcode"": ""58270"", ""population_commune"": ""155"", ""code_insee"": ""1387"", ""city"": ""SAINT-SULPICE"", ""state"": ""AIN""}"
mairie.stsulpice@wanadoo.fr,SAINT-SULPICE,"{""nom_commune"": ""SAINT-SULPICE"", ""departement_numero"": ""60"", ""zipcode"": ""60430"", ""population_commune"": ""155"", ""code_insee"": ""1387"", ""city"": ""SAINT-SULPICE"", ""state"": ""AIN""}"
saintsulpice.mairie@wanadoo.fr,SAINT-SULPICE,"{""nom_commune"": ""SAINT-SULPICE"", ""departement_numero"": ""63"", ""zipcode"": ""63760"", ""population_commune"": ""155"", ""code_insee"": ""1387"", ""city"": ""SAINT-SULPICE"", ""state"": ""AIN""}"
stsulpice.mairie@wanadoo.fr,SAINT-SULPICE,"{""nom_commune"": ""SAINT-SULPICE"", ""departement_numero"": ""70"", ""zipcode"": ""70110"", ""population_commune"": ""155"", ""code_insee"": ""1387"", ""city"": ""SAINT-SULPICE"", ""state"": ""AIN""}"
mairie-saintsulpice@wanadoo.fr,SAINT-SULPICE,"{""nom_commune"": ""SAINT-SULPICE"", ""departement_numero"": ""73"", ""zipcode"": ""73160"", ""population_commune"": ""155"", ""code_insee"": ""1387"", ""city"": ""SAINT-SULPICE"", ""state"": ""AIN""}"
mairie@stdc.fr,SAINT-TRIVIER-DE-COURTES,"{""nom_commune"": ""SAINT-TRIVIER-DE-COURTES"", ""departement_numero"": ""1"", ""zipcode"": ""01560"", ""population_commune"": ""1047"", ""code_insee"": ""1388"", ""city"": ""SAINT-TRIVIER-DE-COURTES"", ""state"": ""AIN""}"
secretariat@mairie-stm.fr,SAINT-TRIVIER-SUR-MOIGNANS,"{""nom_commune"": ""SAINT-TRIVIER-SUR-MOIGNANS"", ""departement_numero"": ""1"", ""zipcode"": ""01990"", ""population_commune"": ""1847"", ""code_insee"": ""1389"", ""city"": ""SAINT-TRIVIER-SUR-MOIGNANS"", ""state"": ""AIN""}"
accueil@mairiestvulbas.fr,SAINT-VULBAS,"{""nom_commune"": ""SAINT-VULBAS"", ""departement_numero"": ""1"", ""zipcode"": ""01150"", ""population_commune"": ""954"", ""code_insee"": ""1390"", ""city"": ""SAINT-VULBAS"", ""state"": ""AIN""}"
mairie-salavre@orange.fr,SALAVRE,"{""nom_commune"": ""SALAVRE"", ""departement_numero"": ""1"", ""zipcode"": ""01270"", ""population_commune"": ""287"", ""code_insee"": ""1391"", ""city"": ""SALAVRE"", ""state"": ""AIN""}"
mairie@samognat.fr,SAMOGNAT,"{""nom_commune"": ""SAMOGNAT"", ""departement_numero"": ""1"", ""zipcode"": ""01580"", ""population_commune"": ""704"", ""code_insee"": ""1392"", ""city"": ""SAMOGNAT"", ""state"": ""AIN""}"
mairie@sandrans.fr,SANDRANS,"{""nom_commune"": ""SANDRANS"", ""departement_numero"": ""1"", ""zipcode"": ""01400"", ""population_commune"": ""521"", ""code_insee"": ""1393"", ""city"": ""SANDRANS"", ""state"": ""AIN""}"
comsaultbrenaz@orange.fr,SAULT-BRÉNAZ,"{""nom_commune"": ""SAULT-BRÉNAZ"", ""departement_numero"": ""1"", ""zipcode"": ""01150"", ""population_commune"": ""1040"", ""code_insee"": ""1396"", ""city"": ""SAULT-BRÉNAZ"", ""state"": ""AIN""}"
sauverny@mairie-sauverny.fr,SAUVERNY,"{""nom_commune"": ""SAUVERNY"", ""departement_numero"": ""1"", ""zipcode"": ""01220"", ""population_commune"": ""1083"", ""code_insee"": ""1397"", ""city"": ""SAUVERNY"", ""state"": ""AIN""}"
accueil@mairiesavigneux.fr,SAVIGNEUX,"{""nom_commune"": ""SAVIGNEUX"", ""departement_numero"": ""1"", ""zipcode"": ""01480"", ""population_commune"": ""1213"", ""code_insee"": ""1398"", ""city"": ""SAVIGNEUX"", ""state"": ""AIN""}"
mairie@savigneux.fr,SAVIGNEUX,"{""nom_commune"": ""SAVIGNEUX"", ""departement_numero"": ""42"", ""zipcode"": ""42600"", ""population_commune"": ""1213"", ""code_insee"": ""1398"", ""city"": ""SAVIGNEUX"", ""state"": ""AIN""}"
mairie.seillonnaz@gmail.com,SEILLONNAZ,"{""nom_commune"": ""SEILLONNAZ"", ""departement_numero"": ""1"", ""zipcode"": ""01470"", ""population_commune"": ""139"", ""code_insee"": ""1400"", ""city"": ""SEILLONNAZ"", ""state"": ""AIN""}"
mairie@sergy.fr,SERGY,"{""nom_commune"": ""SERGY"", ""departement_numero"": ""1"", ""zipcode"": ""01630"", ""population_commune"": ""2005"", ""code_insee"": ""1401"", ""city"": ""SERGY"", ""state"": ""AIN""}"
mairie.sergy02@orange.fr,SERGY,"{""nom_commune"": ""SERGY"", ""departement_numero"": ""2"", ""zipcode"": ""02130"", ""population_commune"": ""2005"", ""code_insee"": ""1401"", ""city"": ""SERGY"", ""state"": ""AIN""}"
mairie.sermoyer@wanadoo.fr,SERMOYER,"{""nom_commune"": ""SERMOYER"", ""departement_numero"": ""1"", ""zipcode"": ""01190"", ""population_commune"": ""674"", ""code_insee"": ""1402"", ""city"": ""SERMOYER"", ""state"": ""AIN""}"
contact@mairie-serrieresdebriord.fr,SERRIÈRES-DE-BRIORD,"{""nom_commune"": ""SERRIÈRES-DE-BRIORD"", ""departement_numero"": ""1"", ""zipcode"": ""01470"", ""population_commune"": ""1231"", ""code_insee"": ""1403"", ""city"": ""SERRIÈRES-DE-BRIORD"", ""state"": ""AIN""}"
mairieserrieressurain@wanadoo.fr,SERRIÈRES-SUR-AIN,"{""nom_commune"": ""SERRIÈRES-SUR-AIN"", ""departement_numero"": ""1"", ""zipcode"": ""01450"", ""population_commune"": ""122"", ""code_insee"": ""1404"", ""city"": ""SERRIÈRES-SUR-AIN"", ""state"": ""AIN""}"
mairie@servas.fr,SERVAS,"{""nom_commune"": ""SERVAS"", ""departement_numero"": ""1"", ""zipcode"": ""01960"", ""population_commune"": ""1186"", ""code_insee"": ""1405"", ""city"": ""SERVAS"", ""state"": ""AIN""}"
mairie.servas@laposte.net,SERVAS,"{""nom_commune"": ""SERVAS"", ""departement_numero"": ""30"", ""zipcode"": ""30340"", ""population_commune"": ""1186"", ""code_insee"": ""1405"", ""city"": ""SERVAS"", ""state"": ""AIN""}"
mairie.servignat@orange.fr,SERVIGNAT,"{""nom_commune"": ""SERVIGNAT"", ""departement_numero"": ""1"", ""zipcode"": ""01560"", ""population_commune"": ""163"", ""code_insee"": ""1406"", ""city"": ""SERVIGNAT"", ""state"": ""AIN""}"
mairie@seyssel01.fr,SEYSSEL,"{""nom_commune"": ""SEYSSEL"", ""departement_numero"": ""1"", ""zipcode"": ""01420"", ""population_commune"": ""933"", ""code_insee"": ""1407"", ""city"": ""SEYSSEL"", ""state"": ""AIN""}"
administration@seyssel74.fr,SEYSSEL,"{""nom_commune"": ""SEYSSEL"", ""departement_numero"": ""74"", ""zipcode"": ""74910"", ""population_commune"": ""933"", ""code_insee"": ""1407"", ""city"": ""SEYSSEL"", ""state"": ""AIN""}"
mairiedesimandre@wanadoo.fr,SIMANDRE-SUR-SURAN,"{""nom_commune"": ""SIMANDRE-SUR-SURAN"", ""departement_numero"": ""1"", ""zipcode"": ""01250"", ""population_commune"": ""664"", ""code_insee"": ""1408"", ""city"": ""SIMANDRE-SUR-SURAN"", ""state"": ""AIN""}"
mairie.sonthonnax@wanadoo.fr,SONTHONNAX-LA-MONTAGNE,"{""nom_commune"": ""SONTHONNAX-LA-MONTAGNE"", ""departement_numero"": ""1"", ""zipcode"": ""01580"", ""population_commune"": ""315"", ""code_insee"": ""1410"", ""city"": ""SONTHONNAX-LA-MONTAGNE"", ""state"": ""AIN""}"
mairie.souclin@wanadoo.fr,SOUCLIN,"{""nom_commune"": ""SOUCLIN"", ""departement_numero"": ""1"", ""zipcode"": ""01150"", ""population_commune"": ""263"", ""code_insee"": ""1411"", ""city"": ""SOUCLIN"", ""state"": ""AIN""}"
mairie-sulignat@orange.fr,SULIGNAT,"{""nom_commune"": ""SULIGNAT"", ""departement_numero"": ""1"", ""zipcode"": ""01400"", ""population_commune"": ""562"", ""code_insee"": ""1412"", ""city"": ""SULIGNAT"", ""state"": ""AIN""}"
accueil@mairiedetalissieu.fr,TALISSIEU,"{""nom_commune"": ""TALISSIEU"", ""departement_numero"": ""1"", ""zipcode"": ""01510"", ""population_commune"": ""423"", ""code_insee"": ""1415"", ""city"": ""TALISSIEU"", ""state"": ""AIN""}"
mairie@tenay.fr,TENAY,"{""nom_commune"": ""TENAY"", ""departement_numero"": ""1"", ""zipcode"": ""01230"", ""population_commune"": ""1103"", ""code_insee"": ""1416"", ""city"": ""TENAY"", ""state"": ""AIN""}"
mairie.thil@thil.fr,THIL,"{""nom_commune"": ""THIL"", ""departement_numero"": ""1"", ""zipcode"": ""01120"", ""population_commune"": ""1050"", ""code_insee"": ""1418"", ""city"": ""THIL"", ""state"": ""AIN""}"
mairiedethil10@orange.fr,THIL,"{""nom_commune"": ""THIL"", ""departement_numero"": ""10"", ""zipcode"": ""10200"", ""population_commune"": ""1050"", ""code_insee"": ""1418"", ""city"": ""THIL"", ""state"": ""AIN""}"
accueil@mairie-thil.fr,THIL,"{""nom_commune"": ""THIL"", ""departement_numero"": ""31"", ""zipcode"": ""31530"", ""population_commune"": ""1050"", ""code_insee"": ""1418"", ""city"": ""THIL"", ""state"": ""AIN""}"
mairiedethil@wanadoo.fr,THIL,"{""nom_commune"": ""THIL"", ""departement_numero"": ""51"", ""zipcode"": ""51220"", ""population_commune"": ""1050"", ""code_insee"": ""1418"", ""city"": ""THIL"", ""state"": ""AIN""}"
Mairie@ville-thil54.fr,THIL,"{""nom_commune"": ""THIL"", ""departement_numero"": ""54"", ""zipcode"": ""54880"", ""population_commune"": ""1050"", ""code_insee"": ""1418"", ""city"": ""THIL"", ""state"": ""AIN""}"
mairie@mairie-thoiry.fr,THOIRY,"{""nom_commune"": ""THOIRY"", ""departement_numero"": ""1"", ""zipcode"": ""01710"", ""population_commune"": ""5461"", ""code_insee"": ""1419"", ""city"": ""THOIRY"", ""state"": ""AIN""}"
thoiry73@orange.fr,THOIRY,"{""nom_commune"": ""THOIRY"", ""departement_numero"": ""73"", ""zipcode"": ""73230"", ""population_commune"": ""5461"", ""code_insee"": ""1419"", ""city"": ""THOIRY"", ""state"": ""AIN""}"
mairie-de-thoiry@wanadoo.fr,THOIRY,"{""nom_commune"": ""THOIRY"", ""departement_numero"": ""78"", ""zipcode"": ""78770"", ""population_commune"": ""5461"", ""code_insee"": ""1419"", ""city"": ""THOIRY"", ""state"": ""AIN""}"
mairie@thoissey.fr,THOISSEY,"{""nom_commune"": ""THOISSEY"", ""departement_numero"": ""1"", ""zipcode"": ""01140"", ""population_commune"": ""1558"", ""code_insee"": ""1420"", ""city"": ""THOISSEY"", ""state"": ""AIN""}"
commune-de-torcieu@orange.fr,TORCIEU,"{""nom_commune"": ""TORCIEU"", ""departement_numero"": ""1"", ""zipcode"": ""01230"", ""population_commune"": ""694"", ""code_insee"": ""1421"", ""city"": ""TORCIEU"", ""state"": ""AIN""}"
mairietossiat@wanadoo.fr,TOSSIAT,"{""nom_commune"": ""TOSSIAT"", ""departement_numero"": ""1"", ""zipcode"": ""01250"", ""population_commune"": ""1389"", ""code_insee"": ""1422"", ""city"": ""TOSSIAT"", ""state"": ""AIN""}"
mairie@toussieux.fr,TOUSSIEUX,"{""nom_commune"": ""TOUSSIEUX"", ""departement_numero"": ""1"", ""zipcode"": ""01600"", ""population_commune"": ""783"", ""code_insee"": ""1423"", ""city"": ""TOUSSIEUX"", ""state"": ""AIN""}"
mairie@tramoyes.fr,TRAMOYES,"{""nom_commune"": ""TRAMOYES"", ""departement_numero"": ""1"", ""zipcode"": ""01390"", ""population_commune"": ""1657"", ""code_insee"": ""1424"", ""city"": ""TRAMOYES"", ""state"": ""AIN""}"
latrancliere.mairie@orange.fr,LA TRANCLIÈRE,"{""nom_commune"": ""LA TRANCLIÈRE"", ""departement_numero"": ""1"", ""zipcode"": ""01160"", ""population_commune"": ""302"", ""code_insee"": ""1425"", ""city"": ""LA TRANCLIÈRE"", ""state"": ""AIN""}"
contact@mairie-trevoux.fr,TRÉVOUX,"{""nom_commune"": ""TRÉVOUX"", ""departement_numero"": ""1"", ""zipcode"": ""01606"", ""population_commune"": ""6687"", ""code_insee"": ""1427"", ""city"": ""TRÉVOUX"", ""state"": ""AIN""}"
mairie@valeins.fr,VALEINS,"{""nom_commune"": ""VALEINS"", ""departement_numero"": ""1"", ""zipcode"": ""01140"", ""population_commune"": ""90"", ""code_insee"": ""1428"", ""city"": ""VALEINS"", ""state"": ""AIN""}"
mairie@vandeins.fr,VANDEINS,"{""nom_commune"": ""VANDEINS"", ""departement_numero"": ""1"", ""zipcode"": ""01660"", ""population_commune"": ""636"", ""code_insee"": ""1429"", ""city"": ""VANDEINS"", ""state"": ""AIN""}"
secretariat@varambon.com,VARAMBON,"{""nom_commune"": ""VARAMBON"", ""departement_numero"": ""1"", ""zipcode"": ""01160"", ""population_commune"": ""519"", ""code_insee"": ""1430"", ""city"": ""VARAMBON"", ""state"": ""AIN""}"
mairie.vaux@wanadoo.fr,VAUX-EN-BUGEY,"{""nom_commune"": ""VAUX-EN-BUGEY"", ""departement_numero"": ""1"", ""zipcode"": ""01150"", ""population_commune"": ""1184"", ""code_insee"": ""1431"", ""city"": ""VAUX-EN-BUGEY"", ""state"": ""AIN""}"
mairie.verjon@wanadoo.fr,VERJON,"{""nom_commune"": ""VERJON"", ""departement_numero"": ""1"", ""zipcode"": ""01270"", ""population_commune"": ""253"", ""code_insee"": ""1432"", ""city"": ""VERJON"", ""state"": ""AIN""}"
mairiedevernoux@wanadoo.fr,VERNOUX,"{""nom_commune"": ""VERNOUX"", ""departement_numero"": ""1"", ""zipcode"": ""01560"", ""population_commune"": ""299"", ""code_insee"": ""1433"", ""city"": ""VERNOUX"", ""state"": ""AIN""}"
mairie@versailleux.fr,VERSAILLEUX,"{""nom_commune"": ""VERSAILLEUX"", ""departement_numero"": ""1"", ""zipcode"": ""01330"", ""population_commune"": ""332"", ""code_insee"": ""1434"", ""city"": ""VERSAILLEUX"", ""state"": ""AIN""}"
mairie@versonnex.fr,VERSONNEX,"{""nom_commune"": ""VERSONNEX"", ""departement_numero"": ""1"", ""zipcode"": ""01210"", ""population_commune"": ""2130"", ""code_insee"": ""1435"", ""city"": ""VERSONNEX"", ""state"": ""AIN""}"
accueil@versonnex74.fr,VERSONNEX,"{""nom_commune"": ""VERSONNEX"", ""departement_numero"": ""74"", ""zipcode"": ""74150"", ""population_commune"": ""2130"", ""code_insee"": ""1435"", ""city"": ""VERSONNEX"", ""state"": ""AIN""}"
mairie@vesancy.fr,VESANCY,"{""nom_commune"": ""VESANCY"", ""departement_numero"": ""1"", ""zipcode"": ""01170"", ""population_commune"": ""529"", ""code_insee"": ""1436"", ""city"": ""VESANCY"", ""state"": ""AIN""}"
mairie@vescours.fr,VESCOURS,"{""nom_commune"": ""VESCOURS"", ""departement_numero"": ""1"", ""zipcode"": ""01560"", ""population_commune"": ""210"", ""code_insee"": ""1437"", ""city"": ""VESCOURS"", ""state"": ""AIN""}"
vesines01mairie@wanadoo.fr,VÉSINES,"{""nom_commune"": ""VÉSINES"", ""departement_numero"": ""1"", ""zipcode"": ""01570"", ""population_commune"": ""95"", ""code_insee"": ""1439"", ""city"": ""VÉSINES"", ""state"": ""AIN""}"
mairie@vieudizenave.fr,VIEU-D'IZENAVE,"{""nom_commune"": ""VIEU-D'IZENAVE"", ""departement_numero"": ""1"", ""zipcode"": ""01430"", ""population_commune"": ""688"", ""code_insee"": ""1441"", ""city"": ""VIEU-D'IZENAVE"", ""state"": ""AIN""}"
mairie@mairie-villars-les-dombes.org,VILLARS-LES-DOMBES,"{""nom_commune"": ""VILLARS-LES-DOMBES"", ""departement_numero"": ""1"", ""zipcode"": ""01330"", ""population_commune"": ""4411"", ""code_insee"": ""1443"", ""city"": ""VILLARS-LES-DOMBES"", ""state"": ""AIN""}"
contact@mairievillebois.fr,VILLEBOIS,"{""nom_commune"": ""VILLEBOIS"", ""departement_numero"": ""1"", ""zipcode"": ""01150"", ""population_commune"": ""1160"", ""code_insee"": ""1444"", ""city"": ""VILLEBOIS"", ""state"": ""AIN""}"
villemotier@wanadoo.fr,VILLEMOTIER,"{""nom_commune"": ""VILLEMOTIER"", ""departement_numero"": ""1"", ""zipcode"": ""01270"", ""population_commune"": ""634"", ""code_insee"": ""1445"", ""city"": ""VILLEMOTIER"", ""state"": ""AIN""}"
mairie@villeneuve01.fr,VILLENEUVE,"{""nom_commune"": ""VILLENEUVE"", ""departement_numero"": ""1"", ""zipcode"": ""01480"", ""population_commune"": ""1396"", ""code_insee"": ""1446"", ""city"": ""VILLENEUVE"", ""state"": ""AIN""}"
elus@villeneuve.fr,VILLENEUVE,"{""nom_commune"": ""VILLENEUVE"", ""departement_numero"": ""4"", ""zipcode"": ""04180"", ""population_commune"": ""1396"", ""code_insee"": ""1446"", ""city"": ""VILLENEUVE"", ""state"": ""AIN""}"
mairie.villeneuve09@wanadoo.fr,VILLENEUVE,"{""nom_commune"": ""VILLENEUVE"", ""departement_numero"": ""9"", ""zipcode"": ""09800"", ""population_commune"": ""1396"", ""code_insee"": ""1446"", ""city"": ""VILLENEUVE"", ""state"": ""AIN""}"
mairie@villeneuvedaveyron.fr,VILLENEUVE,"{""nom_commune"": ""VILLENEUVE"", ""departement_numero"": ""12"", ""zipcode"": ""12260"", ""population_commune"": ""1396"", ""code_insee"": ""1446"", ""city"": ""VILLENEUVE"", ""state"": ""AIN""}"
mairie.villeneuve33@orange.fr,VILLENEUVE,"{""nom_commune"": ""VILLENEUVE"", ""departement_numero"": ""33"", ""zipcode"": ""33710"", ""population_commune"": ""1396"", ""code_insee"": ""1446"", ""city"": ""VILLENEUVE"", ""state"": ""AIN""}"
communedevilleneuve@orange.fr,VILLENEUVE,"{""nom_commune"": ""VILLENEUVE"", ""departement_numero"": ""63"", ""zipcode"": ""63340"", ""population_commune"": ""1396"", ""code_insee"": ""1446"", ""city"": ""VILLENEUVE"", ""state"": ""AIN""}"
mairie@villereversure.fr,VILLEREVERSURE,"{""nom_commune"": ""VILLEREVERSURE"", ""departement_numero"": ""1"", ""zipcode"": ""01250"", ""population_commune"": ""1211"", ""code_insee"": ""1447"", ""city"": ""VILLEREVERSURE"", ""state"": ""AIN""}"
accueil@mairiedevilles.fr,VILLES,"{""nom_commune"": ""VILLES"", ""departement_numero"": ""1"", ""zipcode"": ""01200"", ""population_commune"": ""374"", ""code_insee"": ""1448"", ""city"": ""VILLES"", ""state"": ""AIN""}"
mairie.villette-sur-ain@wanadoo.fr,VILLETTE-SUR-AIN,"{""nom_commune"": ""VILLETTE-SUR-AIN"", ""departement_numero"": ""1"", ""zipcode"": ""01320"", ""population_commune"": ""678"", ""code_insee"": ""1449"", ""city"": ""VILLETTE-SUR-AIN"", ""state"": ""AIN""}"
mairie@mairievlm.fr,VILLIEU-LOYES-MOLLON,"{""nom_commune"": ""VILLIEU-LOYES-MOLLON"", ""departement_numero"": ""1"", ""zipcode"": ""01800"", ""population_commune"": ""3174"", ""code_insee"": ""1450"", ""city"": ""VILLIEU-LOYES-MOLLON"", ""state"": ""AIN""}"
mairie@viriat.fr,VIRIAT,"{""nom_commune"": ""VIRIAT"", ""departement_numero"": ""1"", ""zipcode"": ""01440"", ""population_commune"": ""6083"", ""code_insee"": ""1451"", ""city"": ""VIRIAT"", ""state"": ""AIN""}"
mairie@virieulegrand.fr,VIRIEU-LE-GRAND,"{""nom_commune"": ""VIRIEU-LE-GRAND"", ""departement_numero"": ""1"", ""zipcode"": ""01510"", ""population_commune"": ""1174"", ""code_insee"": ""1452"", ""city"": ""VIRIEU-LE-GRAND"", ""state"": ""AIN""}"
mairiedevirignin@wanadoo.fr,VIRIGNIN,"{""nom_commune"": ""VIRIGNIN"", ""departement_numero"": ""1"", ""zipcode"": ""01300"", ""population_commune"": ""882"", ""code_insee"": ""1454"", ""city"": ""VIRIGNIN"", ""state"": ""AIN""}"
mairie@vongnes.fr,VONGNES,"{""nom_commune"": ""VONGNES"", ""departement_numero"": ""1"", ""zipcode"": ""01350"", ""population_commune"": ""76"", ""code_insee"": ""1456"", ""city"": ""VONGNES"", ""state"": ""AIN""}"
mairie@vonnas.com,VONNAS,"{""nom_commune"": ""VONNAS"", ""departement_numero"": ""1"", ""zipcode"": ""01540"", ""population_commune"": ""2844"", ""code_insee"": ""1457"", ""city"": ""VONNAS"", ""state"": ""AIN""}"
mairieabbecourt@wanadoo.fr,ABBÉCOURT,"{""nom_commune"": ""ABBÉCOURT"", ""departement_numero"": ""2"", ""zipcode"": ""02300"", ""population_commune"": ""536"", ""code_insee"": ""2001"", ""city"": ""ABBÉCOURT"", ""state"": ""AISNE""}"
mairie.achery@nordnet.fr,ACHERY,"{""nom_commune"": ""ACHERY"", ""departement_numero"": ""2"", ""zipcode"": ""02800"", ""population_commune"": ""608"", ""code_insee"": ""2002"", ""city"": ""ACHERY"", ""state"": ""AISNE""}"
contact@mairie-acy.fr,ACY,"{""nom_commune"": ""ACY"", ""departement_numero"": ""2"", ""zipcode"": ""02200"", ""population_commune"": ""989"", ""code_insee"": ""2003"", ""city"": ""ACY"", ""state"": ""AISNE""}"
agnichelles@gmail.com,AGNICOURT-ET-SÉCHELLES,"{""nom_commune"": ""AGNICOURT-ET-SÉCHELLES"", ""departement_numero"": ""2"", ""zipcode"": ""02340"", ""population_commune"": ""205"", ""code_insee"": ""2004"", ""city"": ""AGNICOURT-ET-SÉCHELLES"", ""state"": ""AISNE""}"
mairie.aguilcourt@hotmail.fr,AGUILCOURT,"{""nom_commune"": ""AGUILCOURT"", ""departement_numero"": ""2"", ""zipcode"": ""02190"", ""population_commune"": ""371"", ""code_insee"": ""2005"", ""city"": ""AGUILCOURT"", ""state"": ""AISNE""}"
aisonville@orange.fr,AISONVILLE-ET-BERNOVILLE,"{""nom_commune"": ""AISONVILLE-ET-BERNOVILLE"", ""departement_numero"": ""2"", ""zipcode"": ""02110"", ""population_commune"": ""283"", ""code_insee"": ""2006"", ""city"": ""AISONVILLE-ET-BERNOVILLE"", ""state"": ""AISNE""}"
mairie.aizelles@orange.fr,AIZELLES,"{""nom_commune"": ""AIZELLES"", ""departement_numero"": ""2"", ""zipcode"": ""02820"", ""population_commune"": ""113"", ""code_insee"": ""2007"", ""city"": ""AIZELLES"", ""state"": ""AISNE""}"
mairie.aizyjouy@orange.fr,AIZY-JOUY,"{""nom_commune"": ""AIZY-JOUY"", ""departement_numero"": ""2"", ""zipcode"": ""02370"", ""population_commune"": ""301"", ""code_insee"": ""2008"", ""city"": ""AIZY-JOUY"", ""state"": ""AISNE""}"
mairie@alaincourt-aisne.fr,ALAINCOURT,"{""nom_commune"": ""ALAINCOURT"", ""departement_numero"": ""2"", ""zipcode"": ""02240"", ""population_commune"": ""511"", ""code_insee"": ""2009"", ""city"": ""ALAINCOURT"", ""state"": ""AISNE""}"
mairie.alaincourt@outlook.fr,ALAINCOURT,"{""nom_commune"": ""ALAINCOURT"", ""departement_numero"": ""70"", ""zipcode"": ""70210"", ""population_commune"": ""511"", ""code_insee"": ""2009"", ""city"": ""ALAINCOURT"", ""state"": ""AISNE""}"
mairie.allemant02@wanadoo.fr,ALLEMANT,"{""nom_commune"": ""ALLEMANT"", ""departement_numero"": ""2"", ""zipcode"": ""02320"", ""population_commune"": ""178"", ""code_insee"": ""2010"", ""city"": ""ALLEMANT"", ""state"": ""AISNE""}"
mairie.allemant@wanadoo.fr,ALLEMANT,"{""nom_commune"": ""ALLEMANT"", ""departement_numero"": ""51"", ""zipcode"": ""51120"", ""population_commune"": ""178"", ""code_insee"": ""2010"", ""city"": ""ALLEMANT"", ""state"": ""AISNE""}"
secretariat@amblenymairie.fr,AMBLENY,"{""nom_commune"": ""AMBLENY"", ""departement_numero"": ""2"", ""zipcode"": ""02290"", ""population_commune"": ""1135"", ""code_insee"": ""2011"", ""city"": ""AMBLENY"", ""state"": ""AISNE""}"
commune-d-ambrief@orange.fr,AMBRIEF,"{""nom_commune"": ""AMBRIEF"", ""departement_numero"": ""2"", ""zipcode"": ""02200"", ""population_commune"": ""63"", ""code_insee"": ""2012"", ""city"": ""AMBRIEF"", ""state"": ""AISNE""}"
mairie@amifontaine.com,AMIFONTAINE,"{""nom_commune"": ""AMIFONTAINE"", ""departement_numero"": ""2"", ""zipcode"": ""02190"", ""population_commune"": ""416"", ""code_insee"": ""2013"", ""city"": ""AMIFONTAINE"", ""state"": ""AISNE""}"
mairie.amignyrouy@wanadoo.fr,AMIGNY-ROUY,"{""nom_commune"": ""AMIGNY-ROUY"", ""departement_numero"": ""2"", ""zipcode"": ""02700"", ""population_commune"": ""739"", ""code_insee"": ""2014"", ""city"": ""AMIGNY-ROUY"", ""state"": ""AISNE""}"
mairie.ancienville@orange.fr,ANCIENVILLE,"{""nom_commune"": ""ANCIENVILLE"", ""departement_numero"": ""2"", ""zipcode"": ""02600"", ""population_commune"": ""77"", ""code_insee"": ""2015"", ""city"": ""ANCIENVILLE"", ""state"": ""AISNE""}"
commune.andelain@wanadoo.fr,ANDELAIN,"{""nom_commune"": ""ANDELAIN"", ""departement_numero"": ""2"", ""zipcode"": ""02800"", ""population_commune"": ""187"", ""code_insee"": ""2016"", ""city"": ""ANDELAIN"", ""state"": ""AISNE""}"
mairie.anguilcourt@wanadoo.fr,ANGUILCOURT-LE-SART,"{""nom_commune"": ""ANGUILCOURT-LE-SART"", ""departement_numero"": ""2"", ""zipcode"": ""02800"", ""population_commune"": ""298"", ""code_insee"": ""2017"", ""city"": ""ANGUILCOURT-LE-SART"", ""state"": ""AISNE""}"
annois.mairie@orange.fr,ANNOIS,"{""nom_commune"": ""ANNOIS"", ""departement_numero"": ""2"", ""zipcode"": ""02480"", ""population_commune"": ""386"", ""code_insee"": ""2019"", ""city"": ""ANNOIS"", ""state"": ""AISNE""}"
mairie.any@orange.fr,ANY-MARTIN-RIEUX,"{""nom_commune"": ""ANY-MARTIN-RIEUX"", ""departement_numero"": ""2"", ""zipcode"": ""02500"", ""population_commune"": ""474"", ""code_insee"": ""2020"", ""city"": ""ANY-MARTIN-RIEUX"", ""state"": ""AISNE""}"
commune-d-archon@orange.fr,ARCHON,"{""nom_commune"": ""ARCHON"", ""departement_numero"": ""2"", ""zipcode"": ""02360"", ""population_commune"": ""85"", ""code_insee"": ""2021"", ""city"": ""ARCHON"", ""state"": ""AISNE""}"
commune-arcysterestitue@wanadoo.fr,ARCY-SAINTE-RESTITUE,"{""nom_commune"": ""ARCY-SAINTE-RESTITUE"", ""departement_numero"": ""2"", ""zipcode"": ""02130"", ""population_commune"": ""421"", ""code_insee"": ""2022"", ""city"": ""ARCY-SAINTE-RESTITUE"", ""state"": ""AISNE""}"
mairie.armentieres02@orange.fr,ARMENTIÈRES-SUR-OURCQ,"{""nom_commune"": ""ARMENTIÈRES-SUR-OURCQ"", ""departement_numero"": ""2"", ""zipcode"": ""02210"", ""population_commune"": ""101"", ""code_insee"": ""2023"", ""city"": ""ARMENTIÈRES-SUR-OURCQ"", ""state"": ""AISNE""}"
arrancy@orange.fr,ARRANCY,"{""nom_commune"": ""ARRANCY"", ""departement_numero"": ""2"", ""zipcode"": ""02860"", ""population_commune"": ""53"", ""code_insee"": ""2024"", ""city"": ""ARRANCY"", ""state"": ""AISNE""}"
artemps.mairie@orange.fr,ARTEMPS,"{""nom_commune"": ""ARTEMPS"", ""departement_numero"": ""2"", ""zipcode"": ""02480"", ""population_commune"": ""360"", ""code_insee"": ""2025"", ""city"": ""ARTEMPS"", ""state"": ""AISNE""}"
mairie.assissurserre@wanadoo.fr,ASSIS-SUR-SERRE,"{""nom_commune"": ""ASSIS-SUR-SERRE"", ""departement_numero"": ""2"", ""zipcode"": ""02270"", ""population_commune"": ""279"", ""code_insee"": ""2027"", ""city"": ""ASSIS-SUR-SERRE"", ""state"": ""AISNE""}"
mairie.athies02@wanadoo.fr,ATHIES-SOUS-LAON,"{""nom_commune"": ""ATHIES-SOUS-LAON"", ""departement_numero"": ""2"", ""zipcode"": ""02840"", ""population_commune"": ""2631"", ""code_insee"": ""2028"", ""city"": ""ATHIES-SOUS-LAON"", ""state"": ""AISNE""}"
mairie.attilly.02@wanadoo.fr,ATTILLY,"{""nom_commune"": ""ATTILLY"", ""departement_numero"": ""2"", ""zipcode"": ""02490"", ""population_commune"": ""378"", ""code_insee"": ""2029"", ""city"": ""ATTILLY"", ""state"": ""AISNE""}"
mairie.aubencheulauxbois@gmail.com,AUBENCHEUL-AUX-BOIS,"{""nom_commune"": ""AUBENCHEUL-AUX-BOIS"", ""departement_numero"": ""2"", ""zipcode"": ""02420"", ""population_commune"": ""304"", ""code_insee"": ""2030"", ""city"": ""AUBENCHEUL-AUX-BOIS"", ""state"": ""AISNE""}"
mairie.aubenton@gmail.com,AUBENTON,"{""nom_commune"": ""AUBENTON"", ""departement_numero"": ""2"", ""zipcode"": ""02500"", ""population_commune"": ""695"", ""code_insee"": ""2031"", ""city"": ""AUBENTON"", ""state"": ""AISNE""}"
aubignyauxkaisnes@orange.fr,AUBIGNY-AUX-KAISNES,"{""nom_commune"": ""AUBIGNY-AUX-KAISNES"", ""departement_numero"": ""2"", ""zipcode"": ""02590"", ""population_commune"": ""240"", ""code_insee"": ""2032"", ""city"": ""AUBIGNY-AUX-KAISNES"", ""state"": ""AISNE""}"
mairie.aubignyenlaonnois@wanadoo.fr,AUBIGNY-EN-LAONNOIS,"{""nom_commune"": ""AUBIGNY-EN-LAONNOIS"", ""departement_numero"": ""2"", ""zipcode"": ""02820"", ""population_commune"": ""113"", ""code_insee"": ""2033"", ""city"": ""AUBIGNY-EN-LAONNOIS"", ""state"": ""AISNE""}"
mairie.audignicourt@orange.fr,AUDIGNICOURT,"{""nom_commune"": ""AUDIGNICOURT"", ""departement_numero"": ""2"", ""zipcode"": ""02300"", ""population_commune"": ""103"", ""code_insee"": ""2034"", ""city"": ""AUDIGNICOURT"", ""state"": ""AISNE""}"
mairie.audigny@wanadoo.fr,AUDIGNY,"{""nom_commune"": ""AUDIGNY"", ""departement_numero"": ""2"", ""zipcode"": ""02120"", ""population_commune"": ""278"", ""code_insee"": ""2035"", ""city"": ""AUDIGNY"", ""state"": ""AISNE""}"
mairie.augy@wanadoo.fr,AUGY,"{""nom_commune"": ""AUGY"", ""departement_numero"": ""2"", ""zipcode"": ""02220"", ""population_commune"": ""91"", ""code_insee"": ""2036"", ""city"": ""AUGY"", ""state"": ""AISNE""}"
mairie@augy89.com,AUGY,"{""nom_commune"": ""AUGY"", ""departement_numero"": ""89"", ""zipcode"": ""89290"", ""population_commune"": ""91"", ""code_insee"": ""2036"", ""city"": ""AUGY"", ""state"": ""AISNE""}"
mairie-lesautels@orange.fr,LES AUTELS,"{""nom_commune"": ""LES AUTELS"", ""departement_numero"": ""2"", ""zipcode"": ""02360"", ""population_commune"": ""74"", ""code_insee"": ""2038"", ""city"": ""LES AUTELS"", ""state"": ""AISNE""}"
autremencourt.mairie@wanadoo.fr,AUTREMENCOURT,"{""nom_commune"": ""AUTREMENCOURT"", ""departement_numero"": ""2"", ""zipcode"": ""02250"", ""population_commune"": ""182"", ""code_insee"": ""2039"", ""city"": ""AUTREMENCOURT"", ""state"": ""AISNE""}"
mairie.autreppes@orange.fr,AUTREPPES,"{""nom_commune"": ""AUTREPPES"", ""departement_numero"": ""2"", ""zipcode"": ""02580"", ""population_commune"": ""184"", ""code_insee"": ""2040"", ""city"": ""AUTREPPES"", ""state"": ""AISNE""}"
mairie.autreville02@wanadoo.fr,AUTREVILLE,"{""nom_commune"": ""AUTREVILLE"", ""departement_numero"": ""2"", ""zipcode"": ""02300"", ""population_commune"": ""824"", ""code_insee"": ""2041"", ""city"": ""AUTREVILLE"", ""state"": ""AISNE""}"
mairieautreville88@orange.fr,AUTREVILLE,"{""nom_commune"": ""AUTREVILLE"", ""departement_numero"": ""88"", ""zipcode"": ""88300"", ""population_commune"": ""824"", ""code_insee"": ""2041"", ""city"": ""AUTREVILLE"", ""state"": ""AISNE""}"
mairieazysurmarne@outlook.fr,AZY-SUR-MARNE,"{""nom_commune"": ""AZY-SUR-MARNE"", ""departement_numero"": ""2"", ""zipcode"": ""02400"", ""population_commune"": ""396"", ""code_insee"": ""2042"", ""city"": ""AZY-SUR-MARNE"", ""state"": ""AISNE""}"
mairie.bagneux@gmail.com,BAGNEUX,"{""nom_commune"": ""BAGNEUX"", ""departement_numero"": ""2"", ""zipcode"": ""02290"", ""population_commune"": ""72"", ""code_insee"": ""2043"", ""city"": ""BAGNEUX"", ""state"": ""AISNE""}"
mairie-bagneux@wanadoo.fr,BAGNEUX,"{""nom_commune"": ""BAGNEUX"", ""departement_numero"": ""3"", ""zipcode"": ""03460"", ""population_commune"": ""72"", ""code_insee"": ""2043"", ""city"": ""BAGNEUX"", ""state"": ""AISNE""}"
mairie5@wanadoo.fr,BAGNEUX,"{""nom_commune"": ""BAGNEUX"", ""departement_numero"": ""36"", ""zipcode"": ""36210"", ""population_commune"": ""72"", ""code_insee"": ""2043"", ""city"": ""BAGNEUX"", ""state"": ""AISNE""}"
commune.bagneux@orange.fr,BAGNEUX,"{""nom_commune"": ""BAGNEUX"", ""departement_numero"": ""51"", ""zipcode"": ""51260"", ""population_commune"": ""72"", ""code_insee"": ""2043"", ""city"": ""BAGNEUX"", ""state"": ""AISNE""}"
mairie.bagneux54@gmail.com,BAGNEUX,"{""nom_commune"": ""BAGNEUX"", ""departement_numero"": ""54"", ""zipcode"": ""54170"", ""population_commune"": ""72"", ""code_insee"": ""2043"", ""city"": ""BAGNEUX"", ""state"": ""AISNE""}"
contact@mairie-bagneux.fr,BAGNEUX,"{""nom_commune"": ""BAGNEUX"", ""departement_numero"": ""92"", ""zipcode"": ""92220"", ""population_commune"": ""72"", ""code_insee"": ""2043"", ""city"": ""BAGNEUX"", ""state"": ""AISNE""}"
commune-de-bancigny@orange.fr,BANCIGNY,"{""nom_commune"": ""BANCIGNY"", ""departement_numero"": ""2"", ""zipcode"": ""02140"", ""population_commune"": ""29"", ""code_insee"": ""2044"", ""city"": ""BANCIGNY"", ""state"": ""AISNE""}"
mairie.barentonbugny@wanadoo.fr,BARENTON-BUGNY,"{""nom_commune"": ""BARENTON-BUGNY"", ""departement_numero"": ""2"", ""zipcode"": ""02000"", ""population_commune"": ""578"", ""code_insee"": ""2046"", ""city"": ""BARENTON-BUGNY"", ""state"": ""AISNE""}"
mairie.commune-barenton-cel@wanadoo.fr,BARENTON-CEL,"{""nom_commune"": ""BARENTON-CEL"", ""departement_numero"": ""2"", ""zipcode"": ""02000"", ""population_commune"": ""131"", ""code_insee"": ""2047"", ""city"": ""BARENTON-CEL"", ""state"": ""AISNE""}"
sur-serre.commune-de-barenton@orange.fr,BARENTON-SUR-SERRE,"{""nom_commune"": ""BARENTON-SUR-SERRE"", ""departement_numero"": ""2"", ""zipcode"": ""02270"", ""population_commune"": ""118"", ""code_insee"": ""2048"", ""city"": ""BARENTON-SUR-SERRE"", ""state"": ""AISNE""}"
barisisauxbois@gmail.com,BARISIS,"{""nom_commune"": ""BARISIS"", ""departement_numero"": ""2"", ""zipcode"": ""02700"", ""population_commune"": ""728"", ""code_insee"": ""2049"", ""city"": ""BARISIS"", ""state"": ""AISNE""}"
mairie.barzy-en-thierache@orange.fr,BARZY-EN-THIÉRACHE,"{""nom_commune"": ""BARZY-EN-THIÉRACHE"", ""departement_numero"": ""2"", ""zipcode"": ""02170"", ""population_commune"": ""308"", ""code_insee"": ""2050"", ""city"": ""BARZY-EN-THIÉRACHE"", ""state"": ""AISNE""}"
mairie.barzy@wanadoo.fr,BARZY-SUR-MARNE,"{""nom_commune"": ""BARZY-SUR-MARNE"", ""departement_numero"": ""2"", ""zipcode"": ""02850"", ""population_commune"": ""386"", ""code_insee"": ""2051"", ""city"": ""BARZY-SUR-MARNE"", ""state"": ""AISNE""}"
bassoles-aulers.mairie@wanadoo.fr,BASSOLES-AULERS,"{""nom_commune"": ""BASSOLES-AULERS"", ""departement_numero"": ""2"", ""zipcode"": ""02380"", ""population_commune"": ""136"", ""code_insee"": ""2052"", ""city"": ""BASSOLES-AULERS"", ""state"": ""AISNE""}"
mairie.valleesenchampagne@orange.fr,BAULNE-EN-BRIE,"{""nom_commune"": ""BAULNE-EN-BRIE"", ""departement_numero"": ""2"", ""zipcode"": ""02330"", ""population_commune"": ""275"", ""code_insee"": ""2053"", ""city"": ""BAULNE-EN-BRIE"", ""state"": ""AISNE""}"
commune-de-beaume@orange.fr,BEAUMÉ,"{""nom_commune"": ""BEAUMÉ"", ""departement_numero"": ""2"", ""zipcode"": ""02500"", ""population_commune"": ""98"", ""code_insee"": ""2055"", ""city"": ""BEAUMÉ"", ""state"": ""AISNE""}"
mairie.beaumontenbeine@orange.fr,BEAUMONT-EN-BEINE,"{""nom_commune"": ""BEAUMONT-EN-BEINE"", ""departement_numero"": ""2"", ""zipcode"": ""02300"", ""population_commune"": ""166"", ""code_insee"": ""2056"", ""city"": ""BEAUMONT-EN-BEINE"", ""state"": ""AISNE""}"
mairie.beaurevoir@wanadoo.fr,BEAUREVOIR,"{""nom_commune"": ""BEAUREVOIR"", ""departement_numero"": ""2"", ""zipcode"": ""02110"", ""population_commune"": ""1498"", ""code_insee"": ""2057"", ""city"": ""BEAUREVOIR"", ""state"": ""AISNE""}"
mairie41@wanadoo.fr,BEAURIEUX,"{""nom_commune"": ""BEAURIEUX"", ""departement_numero"": ""2"", ""zipcode"": ""02160"", ""population_commune"": ""785"", ""code_insee"": ""2058"", ""city"": ""BEAURIEUX"", ""state"": ""AISNE""}"
secretariat@mairiedebeaurieux.fr,BEAURIEUX,"{""nom_commune"": ""BEAURIEUX"", ""departement_numero"": ""59"", ""zipcode"": ""59740"", ""population_commune"": ""785"", ""code_insee"": ""2058"", ""city"": ""BEAURIEUX"", ""state"": ""AISNE""}"
mairiedebeautor@mairie-beautor.fr,BEAUTOR,"{""nom_commune"": ""BEAUTOR"", ""departement_numero"": ""2"", ""zipcode"": ""02800"", ""population_commune"": ""2658"", ""code_insee"": ""2059"", ""city"": ""BEAUTOR"", ""state"": ""AISNE""}"
mairie.beauvois02@sfr.fr,BEAUVOIS-EN-VERMANDOIS,"{""nom_commune"": ""BEAUVOIS-EN-VERMANDOIS"", ""departement_numero"": ""2"", ""zipcode"": ""02590"", ""population_commune"": ""280"", ""code_insee"": ""2060"", ""city"": ""BEAUVOIS-EN-VERMANDOIS"", ""state"": ""AISNE""}"
mairie.becquigny@orange.fr,BECQUIGNY,"{""nom_commune"": ""BECQUIGNY"", ""departement_numero"": ""2"", ""zipcode"": ""02110"", ""population_commune"": ""283"", ""code_insee"": ""2061"", ""city"": ""BECQUIGNY"", ""state"": ""AISNE""}"
mairie.becquigny@laposte.net,BECQUIGNY,"{""nom_commune"": ""BECQUIGNY"", ""departement_numero"": ""80"", ""zipcode"": ""80500"", ""population_commune"": ""283"", ""code_insee"": ""2061"", ""city"": ""BECQUIGNY"", ""state"": ""AISNE""}"
belleau.mairie@wanadoo.fr,BELLEAU,"{""nom_commune"": ""BELLEAU"", ""departement_numero"": ""2"", ""zipcode"": ""02400"", ""population_commune"": ""139"", ""code_insee"": ""2062"", ""city"": ""BELLEAU"", ""state"": ""AISNE""}"
mairie.belleau@wanadoo.fr,BELLEAU,"{""nom_commune"": ""BELLEAU"", ""departement_numero"": ""54"", ""zipcode"": ""54610"", ""population_commune"": ""139"", ""code_insee"": ""2062"", ""city"": ""BELLEAU"", ""state"": ""AISNE""}"
bellenglise.mairie@wanadoo.fr,BELLENGLISE,"{""nom_commune"": ""BELLENGLISE"", ""departement_numero"": ""2"", ""zipcode"": ""02420"", ""population_commune"": ""385"", ""code_insee"": ""2063"", ""city"": ""BELLENGLISE"", ""state"": ""AISNE""}"
mairie.belleu@wanadoo.fr,BELLEU,"{""nom_commune"": ""BELLEU"", ""departement_numero"": ""2"", ""zipcode"": ""02200"", ""population_commune"": ""3867"", ""code_insee"": ""2064"", ""city"": ""BELLEU"", ""state"": ""AISNE""}"
bellicourt.mairie@wanadoo.fr,BELLICOURT,"{""nom_commune"": ""BELLICOURT"", ""departement_numero"": ""2"", ""zipcode"": ""02420"", ""population_commune"": ""635"", ""code_insee"": ""2065"", ""city"": ""BELLICOURT"", ""state"": ""AISNE""}"
mairie-bergues@orange.fr,BERGUES-SUR-SAMBRE,"{""nom_commune"": ""BERGUES-SUR-SAMBRE"", ""departement_numero"": ""2"", ""zipcode"": ""02450"", ""population_commune"": ""219"", ""code_insee"": ""2067"", ""city"": ""BERGUES-SUR-SAMBRE"", ""state"": ""AISNE""}"
mairie-berlancourt02@wanadoo.fr,BERLANCOURT,"{""nom_commune"": ""BERLANCOURT"", ""departement_numero"": ""2"", ""zipcode"": ""02250"", ""population_commune"": ""105"", ""code_insee"": ""2068"", ""city"": ""BERLANCOURT"", ""state"": ""AISNE""}"
berlancourt@paysnoyonnais.fr,BERLANCOURT,"{""nom_commune"": ""BERLANCOURT"", ""departement_numero"": ""60"", ""zipcode"": ""60640"", ""population_commune"": ""105"", ""code_insee"": ""2068"", ""city"": ""BERLANCOURT"", ""state"": ""AISNE""}"
mairie-berlise@orange.fr,BERLISE,"{""nom_commune"": ""BERLISE"", ""departement_numero"": ""2"", ""zipcode"": ""02340"", ""population_commune"": ""124"", ""code_insee"": ""2069"", ""city"": ""BERLISE"", ""state"": ""AISNE""}"
mairie.bernot@wanadoo.fr,BERNOT,"{""nom_commune"": ""BERNOT"", ""departement_numero"": ""2"", ""zipcode"": ""02120"", ""population_commune"": ""453"", ""code_insee"": ""2070"", ""city"": ""BERNOT"", ""state"": ""AISNE""}"
mairiede.berny-riviere@wanadoo.fr,BERNY-RIVIÈRE,"{""nom_commune"": ""BERNY-RIVIÈRE"", ""departement_numero"": ""2"", ""zipcode"": ""02290"", ""population_commune"": ""622"", ""code_insee"": ""2071"", ""city"": ""BERNY-RIVIÈRE"", ""state"": ""AISNE""}"
mairie.berrieux02@orange.fr,BERRIEUX,"{""nom_commune"": ""BERRIEUX"", ""departement_numero"": ""2"", ""zipcode"": ""02820"", ""population_commune"": ""181"", ""code_insee"": ""2072"", ""city"": ""BERRIEUX"", ""state"": ""AISNE""}"
mairie@berry-au-bac.fr,BERRY-AU-BAC,"{""nom_commune"": ""BERRY-AU-BAC"", ""departement_numero"": ""2"", ""zipcode"": ""02190"", ""population_commune"": ""588"", ""code_insee"": ""2073"", ""city"": ""BERRY-AU-BAC"", ""state"": ""AISNE""}"
mairie@bertaucourt.fr,BERTAUCOURT-EPOURDON,"{""nom_commune"": ""BERTAUCOURT-EPOURDON"", ""departement_numero"": ""2"", ""zipcode"": ""02800"", ""population_commune"": ""615"", ""code_insee"": ""2074"", ""city"": ""BERTAUCOURT-EPOURDON"", ""state"": ""AISNE""}"
berthenicourt@laposte.net,BERTHENICOURT,"{""nom_commune"": ""BERTHENICOURT"", ""departement_numero"": ""2"", ""zipcode"": ""02240"", ""population_commune"": ""210"", ""code_insee"": ""2075"", ""city"": ""BERTHENICOURT"", ""state"": ""AISNE""}"
bertricourt.mairie@orange.fr,BERTRICOURT,"{""nom_commune"": ""BERTRICOURT"", ""departement_numero"": ""2"", ""zipcode"": ""02190"", ""population_commune"": ""163"", ""code_insee"": ""2076"", ""city"": ""BERTRICOURT"", ""state"": ""AISNE""}"
mairie.besme@wanadoo.fr,BESMÉ,"{""nom_commune"": ""BESMÉ"", ""departement_numero"": ""2"", ""zipcode"": ""02300"", ""population_commune"": ""157"", ""code_insee"": ""2078"", ""city"": ""BESMÉ"", ""state"": ""AISNE""}"
mairie.besmont@wanadoo.fr,BESMONT,"{""nom_commune"": ""BESMONT"", ""departement_numero"": ""2"", ""zipcode"": ""02500"", ""population_commune"": ""155"", ""code_insee"": ""2079"", ""city"": ""BESMONT"", ""state"": ""AISNE""}"
mairie.besnyetloizy@orange.fr,BESNY-ET-LOIZY,"{""nom_commune"": ""BESNY-ET-LOIZY"", ""departement_numero"": ""2"", ""zipcode"": ""02870"", ""population_commune"": ""370"", ""code_insee"": ""2080"", ""city"": ""BESNY-ET-LOIZY"", ""state"": ""AISNE""}"
mairie-de-bethancourt-en-vaux@wanadoo.fr,BÉTHANCOURT-EN-VAUX,"{""nom_commune"": ""BÉTHANCOURT-EN-VAUX"", ""departement_numero"": ""2"", ""zipcode"": ""02300"", ""population_commune"": ""447"", ""code_insee"": ""2081"", ""city"": ""BÉTHANCOURT-EN-VAUX"", ""state"": ""AISNE""}"
mairie.beuvardes@wanadoo.fr,BEUVARDES,"{""nom_commune"": ""BEUVARDES"", ""departement_numero"": ""2"", ""zipcode"": ""02130"", ""population_commune"": ""722"", ""code_insee"": ""2083"", ""city"": ""BEUVARDES"", ""state"": ""AISNE""}"
mairiebezuleguery@wanadoo.fr,BÉZU-LE-GUÉRY,"{""nom_commune"": ""BÉZU-LE-GUÉRY"", ""departement_numero"": ""2"", ""zipcode"": ""02310"", ""population_commune"": ""259"", ""code_insee"": ""2084"", ""city"": ""BÉZU-LE-GUÉRY"", ""state"": ""AISNE""}"
mairie-bezustgermain@wanadoo.fr,BÉZU-SAINT-GERMAIN,"{""nom_commune"": ""BÉZU-SAINT-GERMAIN"", ""departement_numero"": ""2"", ""zipcode"": ""02400"", ""population_commune"": ""977"", ""code_insee"": ""2085"", ""city"": ""BÉZU-SAINT-GERMAIN"", ""state"": ""AISNE""}"
mairie.bichancourt@gmail.com,BICHANCOURT,"{""nom_commune"": ""BICHANCOURT"", ""departement_numero"": ""2"", ""zipcode"": ""02300"", ""population_commune"": ""1053"", ""code_insee"": ""2086"", ""city"": ""BICHANCOURT"", ""state"": ""AISNE""}"
mairie.bieuxy@orange.fr,BIEUXY,"{""nom_commune"": ""BIEUXY"", ""departement_numero"": ""2"", ""zipcode"": ""02290"", ""population_commune"": ""30"", ""code_insee"": ""2087"", ""city"": ""BIEUXY"", ""state"": ""AISNE""}"
mairiedebievres@wanadoo.fr,BIÈVRES,"{""nom_commune"": ""BIÈVRES"", ""departement_numero"": ""8"", ""zipcode"": ""08370"", ""population_commune"": ""71"", ""code_insee"": ""2088"", ""city"": ""BIÈVRES"", ""state"": ""AISNE""}"
contact@bievres.fr,BIÈVRES,"{""nom_commune"": ""BIÈVRES"", ""departement_numero"": ""91"", ""zipcode"": ""91570"", ""population_commune"": ""71"", ""code_insee"": ""2088"", ""city"": ""BIÈVRES"", ""state"": ""AISNE""}"
secretariat@mairie-billy02.fr,BILLY-SUR-AISNE,"{""nom_commune"": ""BILLY-SUR-AISNE"", ""departement_numero"": ""2"", ""zipcode"": ""02200"", ""population_commune"": ""1102"", ""code_insee"": ""2089"", ""city"": ""BILLY-SUR-AISNE"", ""state"": ""AISNE""}"
billysurourcq@wanadoo.fr,BILLY-SUR-OURCQ,"{""nom_commune"": ""BILLY-SUR-OURCQ"", ""departement_numero"": ""2"", ""zipcode"": ""02210"", ""population_commune"": ""215"", ""code_insee"": ""2090"", ""city"": ""BILLY-SUR-OURCQ"", ""state"": ""AISNE""}"
dominiqueferte-blanzy@orange.fr,BLANZY-LÈS-FISMES,"{""nom_commune"": ""BLANZY-LÈS-FISMES"", ""departement_numero"": ""2"", ""zipcode"": ""02160"", ""population_commune"": ""93"", ""code_insee"": ""2091"", ""city"": ""BLANZY-LÈS-FISMES"", ""state"": ""AISNE""}"
mairie.blerancourt@orange.fr,BLÉRANCOURT,"{""nom_commune"": ""BLÉRANCOURT"", ""departement_numero"": ""2"", ""zipcode"": ""02300"", ""population_commune"": ""1245"", ""code_insee"": ""2093"", ""city"": ""BLÉRANCOURT"", ""state"": ""AISNE""}"
blesmes.mairie02@wanadoo.fr,BLESMES,"{""nom_commune"": ""BLESMES"", ""departement_numero"": ""2"", ""zipcode"": ""02400"", ""population_commune"": ""384"", ""code_insee"": ""2094"", ""city"": ""BLESMES"", ""state"": ""AISNE""}"
contact@bohainenvermandois.fr,BOHAIN-EN-VERMANDOIS,"{""nom_commune"": ""BOHAIN-EN-VERMANDOIS"", ""departement_numero"": ""2"", ""zipcode"": ""02110"", ""population_commune"": ""5921"", ""code_insee"": ""2095"", ""city"": ""BOHAIN-EN-VERMANDOIS"", ""state"": ""AISNE""}"
boislespargnymairie@orange.fr,BOIS-LÈS-PARGNY,"{""nom_commune"": ""BOIS-LÈS-PARGNY"", ""departement_numero"": ""2"", ""zipcode"": ""02270"", ""population_commune"": ""188"", ""code_insee"": ""2096"", ""city"": ""BOIS-LÈS-PARGNY"", ""state"": ""AISNE""}"
mairie@boncourt.fr,BONCOURT,"{""nom_commune"": ""BONCOURT"", ""departement_numero"": ""2"", ""zipcode"": ""02350"", ""population_commune"": ""254"", ""code_insee"": ""2097"", ""city"": ""BONCOURT"", ""state"": ""AISNE""}"
mairiedeboncourt@wanadoo.fr,BONCOURT,"{""nom_commune"": ""BONCOURT"", ""departement_numero"": ""27"", ""zipcode"": ""27120"", ""population_commune"": ""254"", ""code_insee"": ""2097"", ""city"": ""BONCOURT"", ""state"": ""AISNE""}"
mairie.boncourt1@orange.fr,BONCOURT,"{""nom_commune"": ""BONCOURT"", ""departement_numero"": ""28"", ""zipcode"": ""28260"", ""population_commune"": ""254"", ""code_insee"": ""2097"", ""city"": ""BONCOURT"", ""state"": ""AISNE""}"
communedeboncourt@orange.fr,BONCOURT,"{""nom_commune"": ""BONCOURT"", ""departement_numero"": ""54"", ""zipcode"": ""54800"", ""population_commune"": ""254"", ""code_insee"": ""2097"", ""city"": ""BONCOURT"", ""state"": ""AISNE""}"
mairiedebonneil@gmail.com,BONNEIL,"{""nom_commune"": ""BONNEIL"", ""departement_numero"": ""2"", ""zipcode"": ""02400"", ""population_commune"": ""396"", ""code_insee"": ""2098"", ""city"": ""BONNEIL"", ""state"": ""AISNE""}"
mairie.bonnesvalyn@orange.fr,BONNESVALYN,"{""nom_commune"": ""BONNESVALYN"", ""departement_numero"": ""2"", ""zipcode"": ""02400"", ""population_commune"": ""248"", ""code_insee"": ""2099"", ""city"": ""BONNESVALYN"", ""state"": ""AISNE""}"
mairie-de-bony@orange.fr,BONY,"{""nom_commune"": ""BONY"", ""departement_numero"": ""2"", ""zipcode"": ""02420"", ""population_commune"": ""140"", ""code_insee"": ""2100"", ""city"": ""BONY"", ""state"": ""AISNE""}"
mairiebosmont@wanadoo.fr,BOSMONT-SUR-SERRE,"{""nom_commune"": ""BOSMONT-SUR-SERRE"", ""departement_numero"": ""2"", ""zipcode"": ""02250"", ""population_commune"": ""207"", ""code_insee"": ""2101"", ""city"": ""BOSMONT-SUR-SERRE"", ""state"": ""AISNE""}"
contact@mairie.bouconville-vauclair.fr,BOUCONVILLE-VAUCLAIR,"{""nom_commune"": ""BOUCONVILLE-VAUCLAIR"", ""departement_numero"": ""2"", ""zipcode"": ""02860"", ""population_commune"": ""194"", ""code_insee"": ""2102"", ""city"": ""BOUCONVILLE-VAUCLAIR"", ""state"": ""AISNE""}"
accueil@mairie-boue.fr,BOUÉ,"{""nom_commune"": ""BOUÉ"", ""departement_numero"": ""2"", ""zipcode"": ""02450"", ""population_commune"": ""1276"", ""code_insee"": ""2103"", ""city"": ""BOUÉ"", ""state"": ""AISNE""}"
mairie.bouffi@orange.fr,BOUFFIGNEREUX,"{""nom_commune"": ""BOUFFIGNEREUX"", ""departement_numero"": ""2"", ""zipcode"": ""02160"", ""population_commune"": ""104"", ""code_insee"": ""2104"", ""city"": ""BOUFFIGNEREUX"", ""state"": ""AISNE""}"
mairiedebouresches@wanadoo.fr,BOURESCHES,"{""nom_commune"": ""BOURESCHES"", ""departement_numero"": ""2"", ""zipcode"": ""02400"", ""population_commune"": ""202"", ""code_insee"": ""2105"", ""city"": ""BOURESCHES"", ""state"": ""AISNE""}"
mairie0121@orange.fr,BOURG-ET-COMIN,"{""nom_commune"": ""BOURG-ET-COMIN"", ""departement_numero"": ""2"", ""zipcode"": ""02160"", ""population_commune"": ""787"", ""code_insee"": ""2106"", ""city"": ""BOURG-ET-COMIN"", ""state"": ""AISNE""}"
mairie.bourguignon-coucy@orange.fr,BOURGUIGNON-SOUS-COUCY,"{""nom_commune"": ""BOURGUIGNON-SOUS-COUCY"", ""departement_numero"": ""2"", ""zipcode"": ""02300"", ""population_commune"": ""92"", ""code_insee"": ""2107"", ""city"": ""BOURGUIGNON-SOUS-COUCY"", ""state"": ""AISNE""}"
mairiedelabouteille@wanadoo.fr,LA BOUTEILLE,"{""nom_commune"": ""LA BOUTEILLE"", ""departement_numero"": ""2"", ""zipcode"": ""02140"", ""population_commune"": ""499"", ""code_insee"": ""2109"", ""city"": ""LA BOUTEILLE"", ""state"": ""AISNE""}"
accueil@braine.fr,BRAINE,"{""nom_commune"": ""BRAINE"", ""departement_numero"": ""2"", ""zipcode"": ""02220"", ""population_commune"": ""2196"", ""code_insee"": ""2110"", ""city"": ""BRAINE"", ""state"": ""AISNE""}"
mairie@brancourt-en-laonnois.fr,BRANCOURT-EN-LAONNOIS,"{""nom_commune"": ""BRANCOURT-EN-LAONNOIS"", ""departement_numero"": ""2"", ""zipcode"": ""02320"", ""population_commune"": ""692"", ""code_insee"": ""2111"", ""city"": ""BRANCOURT-EN-LAONNOIS"", ""state"": ""AISNE""}"
mairie-brancourt-le-grand@wanadoo.fr,BRANCOURT-LE-GRAND,"{""nom_commune"": ""BRANCOURT-LE-GRAND"", ""departement_numero"": ""2"", ""zipcode"": ""02110"", ""population_commune"": ""620"", ""code_insee"": ""2112"", ""city"": ""BRANCOURT-LE-GRAND"", ""state"": ""AISNE""}"
contact@brasles.fr,BRASLES,"{""nom_commune"": ""BRASLES"", ""departement_numero"": ""2"", ""zipcode"": ""02400"", ""population_commune"": ""1355"", ""code_insee"": ""2114"", ""city"": ""BRASLES"", ""state"": ""AISNE""}"
mairie.brayeenlaonnois@gmail.com,BRAYE-EN-LAONNOIS,"{""nom_commune"": ""BRAYE-EN-LAONNOIS"", ""departement_numero"": ""2"", ""zipcode"": ""02000"", ""population_commune"": ""223"", ""code_insee"": ""2115"", ""city"": ""BRAYE-EN-LAONNOIS"", ""state"": ""AISNE""}"
mairie.braye.thierache@orange.fr,BRAYE-EN-THIÉRACHE,"{""nom_commune"": ""BRAYE-EN-THIÉRACHE"", ""departement_numero"": ""2"", ""zipcode"": ""02140"", ""population_commune"": ""132"", ""code_insee"": ""2116"", ""city"": ""BRAYE-EN-THIÉRACHE"", ""state"": ""AISNE""}"
commune-de-braye@orange.fr,BRAYE,"{""nom_commune"": ""BRAYE"", ""departement_numero"": ""2"", ""zipcode"": ""02880"", ""population_commune"": ""121"", ""code_insee"": ""2118"", ""city"": ""BRAYE"", ""state"": ""AISNE""}"
brecy02@wanadoo.fr,BRÉCY,"{""nom_commune"": ""BRÉCY"", ""departement_numero"": ""2"", ""zipcode"": ""02210"", ""population_commune"": ""352"", ""code_insee"": ""2119"", ""city"": ""BRÉCY"", ""state"": ""AISNE""}"
mairie.brecy@wanadoo.fr,BRÉCY,"{""nom_commune"": ""BRÉCY"", ""departement_numero"": ""18"", ""zipcode"": ""18220"", ""population_commune"": ""352"", ""code_insee"": ""2119"", ""city"": ""BRÉCY"", ""state"": ""AISNE""}"
commune.brenelle@orange.fr,BRENELLE,"{""nom_commune"": ""BRENELLE"", ""departement_numero"": ""2"", ""zipcode"": ""02220"", ""population_commune"": ""197"", ""code_insee"": ""2120"", ""city"": ""BRENELLE"", ""state"": ""AISNE""}"
mairie.breny@orange.fr,BRENY,"{""nom_commune"": ""BRENY"", ""departement_numero"": ""2"", ""zipcode"": ""02210"", ""population_commune"": ""262"", ""code_insee"": ""2121"", ""city"": ""BRENY"", ""state"": ""AISNE""}"
commune.brie@orange.fr,BRIE,"{""nom_commune"": ""BRIE"", ""departement_numero"": ""2"", ""zipcode"": ""02870"", ""population_commune"": ""59"", ""code_insee"": ""2122"", ""city"": ""BRIE"", ""state"": ""AISNE""}"
mairie-de-brie09@orange.fr,BRIE,"{""nom_commune"": ""BRIE"", ""departement_numero"": ""9"", ""zipcode"": ""09700"", ""population_commune"": ""59"", ""code_insee"": ""2122"", ""city"": ""BRIE"", ""state"": ""AISNE""}"
mairie@mairie-brie.fr,BRIE,"{""nom_commune"": ""BRIE"", ""departement_numero"": ""16"", ""zipcode"": ""16590"", ""population_commune"": ""59"", ""code_insee"": ""2122"", ""city"": ""BRIE"", ""state"": ""AISNE""}"
accueil.mairie@brie.bzh,BRIE,"{""nom_commune"": ""BRIE"", ""departement_numero"": ""35"", ""zipcode"": ""35150"", ""population_commune"": ""59"", ""code_insee"": ""2122"", ""city"": ""BRIE"", ""state"": ""AISNE""}"
mairie.brie@laposte.net,BRIE,"{""nom_commune"": ""BRIE"", ""departement_numero"": ""80"", ""zipcode"": ""80200"", ""population_commune"": ""59"", ""code_insee"": ""2122"", ""city"": ""BRIE"", ""state"": ""AISNE""}"
mairie.brissay@wanadoo.fr,BRISSAY-CHOIGNY,"{""nom_commune"": ""BRISSAY-CHOIGNY"", ""departement_numero"": ""2"", ""zipcode"": ""02240"", ""population_commune"": ""307"", ""code_insee"": ""2123"", ""city"": ""BRISSAY-CHOIGNY"", ""state"": ""AISNE""}"
mairie-brissy-hamegicourt@wanadoo.fr,BRISSY-HAMÉGICOURT,"{""nom_commune"": ""BRISSY-HAMÉGICOURT"", ""departement_numero"": ""2"", ""zipcode"": ""02240"", ""population_commune"": ""640"", ""code_insee"": ""2124"", ""city"": ""BRISSY-HAMÉGICOURT"", ""state"": ""AISNE""}"
mairiedebrumetz@orange.fr,BRUMETZ,"{""nom_commune"": ""BRUMETZ"", ""departement_numero"": ""2"", ""zipcode"": ""02810"", ""population_commune"": ""221"", ""code_insee"": ""2125"", ""city"": ""BRUMETZ"", ""state"": ""AISNE""}"
mairiebrunehamel@orange.fr,BRUNEHAMEL,"{""nom_commune"": ""BRUNEHAMEL"", ""departement_numero"": ""2"", ""zipcode"": ""02360"", ""population_commune"": ""530"", ""code_insee"": ""2126"", ""city"": ""BRUNEHAMEL"", ""state"": ""AISNE""}"
mairiebruyeres.surfere@orange.fr,BRUYÈRES-SUR-FÈRE,"{""nom_commune"": ""BRUYÈRES-SUR-FÈRE"", ""departement_numero"": ""2"", ""zipcode"": ""02130"", ""population_commune"": ""202"", ""code_insee"": ""2127"", ""city"": ""BRUYÈRES-SUR-FÈRE"", ""state"": ""AISNE""}"
mairie.bruyeres@wanadoo.fr,BRUYÈRES-ET-MONTBÉRAULT,"{""nom_commune"": ""BRUYÈRES-ET-MONTBÉRAULT"", ""departement_numero"": ""2"", ""zipcode"": ""02860"", ""population_commune"": ""1572"", ""code_insee"": ""2128"", ""city"": ""BRUYÈRES-ET-MONTBÉRAULT"", ""state"": ""AISNE""}"
mairiebucilly@orange.fr,BUCILLY,"{""nom_commune"": ""BUCILLY"", ""departement_numero"": ""2"", ""zipcode"": ""02500"", ""population_commune"": ""191"", ""code_insee"": ""2130"", ""city"": ""BUCILLY"", ""state"": ""AISNE""}"
bucy-le-long-mairie@wanadoo.fr,BUCY-LE-LONG,"{""nom_commune"": ""BUCY-LE-LONG"", ""departement_numero"": ""2"", ""zipcode"": ""02880"", ""population_commune"": ""1940"", ""code_insee"": ""2131"", ""city"": ""BUCY-LE-LONG"", ""state"": ""AISNE""}"
maire.bucylescerny@orange.fr,BUCY-LÈS-CERNY,"{""nom_commune"": ""BUCY-LÈS-CERNY"", ""departement_numero"": ""2"", ""zipcode"": ""02870"", ""population_commune"": ""192"", ""code_insee"": ""2132"", ""city"": ""BUCY-LÈS-CERNY"", ""state"": ""AISNE""}"
mairie.bucylespt@wanadoo.fr,BUCY-LÈS-PIERREPONT,"{""nom_commune"": ""BUCY-LÈS-PIERREPONT"", ""departement_numero"": ""2"", ""zipcode"": ""02350"", ""population_commune"": ""419"", ""code_insee"": ""2133"", ""city"": ""BUCY-LÈS-PIERREPONT"", ""state"": ""AISNE""}"
contact@buire.fr,BUIRE,"{""nom_commune"": ""BUIRE"", ""departement_numero"": ""2"", ""zipcode"": ""02500"", ""population_commune"": ""882"", ""code_insee"": ""2134"", ""city"": ""BUIRE"", ""state"": ""AISNE""}"
contact@mairiedebuironfosse.fr,BUIRONFOSSE,"{""nom_commune"": ""BUIRONFOSSE"", ""departement_numero"": ""2"", ""zipcode"": ""02620"", ""population_commune"": ""1189"", ""code_insee"": ""2135"", ""city"": ""BUIRONFOSSE"", ""state"": ""AISNE""}"
mairiedeburelles@orange.fr,BURELLES,"{""nom_commune"": ""BURELLES"", ""departement_numero"": ""2"", ""zipcode"": ""02140"", ""population_commune"": ""136"", ""code_insee"": ""2136"", ""city"": ""BURELLES"", ""state"": ""AISNE""}"
commune-de-bussiares@orange.fr,BUSSIARES,"{""nom_commune"": ""BUSSIARES"", ""departement_numero"": ""2"", ""zipcode"": ""02810"", ""population_commune"": ""125"", ""code_insee"": ""2137"", ""city"": ""BUSSIARES"", ""state"": ""AISNE""}"
mairiedebuzancy02@orange.fr,BUZANCY,"{""nom_commune"": ""BUZANCY"", ""departement_numero"": ""2"", ""zipcode"": ""02200"", ""population_commune"": ""186"", ""code_insee"": ""2138"", ""city"": ""BUZANCY"", ""state"": ""AISNE""}"
communedebuzancy@orange.fr,BUZANCY,"{""nom_commune"": ""BUZANCY"", ""departement_numero"": ""8"", ""zipcode"": ""08240"", ""population_commune"": ""186"", ""code_insee"": ""2138"", ""city"": ""BUZANCY"", ""state"": ""AISNE""}"
mairie.caillouel@wanadoo.fr,CAILLOUËL-CRÉPIGNY,"{""nom_commune"": ""CAILLOUËL-CRÉPIGNY"", ""departement_numero"": ""2"", ""zipcode"": ""02300"", ""population_commune"": ""428"", ""code_insee"": ""2139"", ""city"": ""CAILLOUËL-CRÉPIGNY"", ""state"": ""AISNE""}"
mairie.camelin@wanadoo.fr,CAMELIN,"{""nom_commune"": ""CAMELIN"", ""departement_numero"": ""2"", ""zipcode"": ""02300"", ""population_commune"": ""444"", ""code_insee"": ""2140"", ""city"": ""CAMELIN"", ""state"": ""AISNE""}"
mairie@villedelacapelle.fr,LA CAPELLE,"{""nom_commune"": ""LA CAPELLE"", ""departement_numero"": ""2"", ""zipcode"": ""02260"", ""population_commune"": ""1838"", ""code_insee"": ""2141"", ""city"": ""LA CAPELLE"", ""state"": ""AISNE""}"
mairie.castres@wanadoo.fr,CASTRES,"{""nom_commune"": ""CASTRES"", ""departement_numero"": ""2"", ""zipcode"": ""02680"", ""population_commune"": ""234"", ""code_insee"": ""2142"", ""city"": ""CASTRES"", ""state"": ""AISNE""}"
mairie@ville-castres.fr,CASTRES,"{""nom_commune"": ""CASTRES"", ""departement_numero"": ""81"", ""zipcode"": ""81108"", ""population_commune"": ""234"", ""code_insee"": ""2142"", ""city"": ""CASTRES"", ""state"": ""AISNE""}"
mairie-le-catelet@wanadoo.fr,LE CATELET,"{""nom_commune"": ""LE CATELET"", ""departement_numero"": ""2"", ""zipcode"": ""02420"", ""population_commune"": ""195"", ""code_insee"": ""2143"", ""city"": ""LE CATELET"", ""state"": ""AISNE""}"
caulaincourt@orange.fr,CAULAINCOURT,"{""nom_commune"": ""CAULAINCOURT"", ""departement_numero"": ""2"", ""zipcode"": ""02490"", ""population_commune"": ""138"", ""code_insee"": ""2144"", ""city"": ""CAULAINCOURT"", ""state"": ""AISNE""}"
caumont.mairie@wanadoo.fr,CAUMONT,"{""nom_commune"": ""CAUMONT"", ""departement_numero"": ""2"", ""zipcode"": ""02300"", ""population_commune"": ""570"", ""code_insee"": ""2145"", ""city"": ""CAUMONT"", ""state"": ""AISNE""}"
mairiedecaumont@wanadoo.fr,CAUMONT,"{""nom_commune"": ""CAUMONT"", ""departement_numero"": ""9"", ""zipcode"": ""09160"", ""population_commune"": ""570"", ""code_insee"": ""2145"", ""city"": ""CAUMONT"", ""state"": ""AISNE""}"
commune@caumont-normandie.fr,CAUMONT,"{""nom_commune"": ""CAUMONT"", ""departement_numero"": ""27"", ""zipcode"": ""27310"", ""population_commune"": ""570"", ""code_insee"": ""2145"", ""city"": ""CAUMONT"", ""state"": ""AISNE""}"
mairie.caumont@gmail.com,CAUMONT,"{""nom_commune"": ""CAUMONT"", ""departement_numero"": ""32"", ""zipcode"": ""32400"", ""population_commune"": ""570"", ""code_insee"": ""2145"", ""city"": ""CAUMONT"", ""state"": ""AISNE""}"
caumont2@wanadoo.fr,CAUMONT,"{""nom_commune"": ""CAUMONT"", ""departement_numero"": ""33"", ""zipcode"": ""33540"", ""population_commune"": ""570"", ""code_insee"": ""2145"", ""city"": ""CAUMONT"", ""state"": ""AISNE""}"
mairie-caumont@wanadoo.fr,CAUMONT,"{""nom_commune"": ""CAUMONT"", ""departement_numero"": ""62"", ""zipcode"": ""62140"", ""population_commune"": ""570"", ""code_insee"": ""2145"", ""city"": ""CAUMONT"", ""state"": ""AISNE""}"
mairie@caumont82.fr,CAUMONT,"{""nom_commune"": ""CAUMONT"", ""departement_numero"": ""82"", ""zipcode"": ""82210"", ""population_commune"": ""570"", ""code_insee"": ""2145"", ""city"": ""CAUMONT"", ""state"": ""AISNE""}"
mairie.celleslesconde@orange.fr,CELLES-LÈS-CONDÉ,"{""nom_commune"": ""CELLES-LÈS-CONDÉ"", ""departement_numero"": ""2"", ""zipcode"": ""02330"", ""population_commune"": ""77"", ""code_insee"": ""2146"", ""city"": ""CELLES-LÈS-CONDÉ"", ""state"": ""AISNE""}"
commune.celles.sur.aisne@wanadoo.fr,CELLES-SUR-AISNE,"{""nom_commune"": ""CELLES-SUR-AISNE"", ""departement_numero"": ""2"", ""zipcode"": ""02370"", ""population_commune"": ""252"", ""code_insee"": ""2148"", ""city"": ""CELLES-SUR-AISNE"", ""state"": ""AISNE""}"
mairie.cerizy@orange.fr,CERIZY,"{""nom_commune"": ""CERIZY"", ""departement_numero"": ""2"", ""zipcode"": ""02240"", ""population_commune"": ""58"", ""code_insee"": ""2149"", ""city"": ""CERIZY"", ""state"": ""AISNE""}"
mairie.cerny.02@wanadoo.fr,CERNY-EN-LAONNOIS,"{""nom_commune"": ""CERNY-EN-LAONNOIS"", ""departement_numero"": ""2"", ""zipcode"": ""02860"", ""population_commune"": ""73"", ""code_insee"": ""2150"", ""city"": ""CERNY-EN-LAONNOIS"", ""state"": ""AISNE""}"
mairiedechacrise@orange.fr,CHACRISE,"{""nom_commune"": ""CHACRISE"", ""departement_numero"": ""2"", ""zipcode"": ""02200"", ""population_commune"": ""313"", ""code_insee"": ""2154"", ""city"": ""CHACRISE"", ""state"": ""AISNE""}"
commune.chaillevois@wanadoo.fr,CHAILLEVOIS,"{""nom_commune"": ""CHAILLEVOIS"", ""departement_numero"": ""2"", ""zipcode"": ""02000"", ""population_commune"": ""185"", ""code_insee"": ""2155"", ""city"": ""CHAILLEVOIS"", ""state"": ""AISNE""}"
mairie.chalandry@wanadoo.fr,CHALANDRY,"{""nom_commune"": ""CHALANDRY"", ""departement_numero"": ""2"", ""zipcode"": ""02270"", ""population_commune"": ""226"", ""code_insee"": ""2156"", ""city"": ""CHALANDRY"", ""state"": ""AISNE""}"
mairie.chambry@wanadoo.fr,CHAMBRY,"{""nom_commune"": ""CHAMBRY"", ""departement_numero"": ""2"", ""zipcode"": ""02000"", ""population_commune"": ""735"", ""code_insee"": ""2157"", ""city"": ""CHAMBRY"", ""state"": ""AISNE""}"
mairie-chambry@orange.fr,CHAMBRY,"{""nom_commune"": ""CHAMBRY"", ""departement_numero"": ""77"", ""zipcode"": ""77910"", ""population_commune"": ""735"", ""code_insee"": ""2157"", ""city"": ""CHAMBRY"", ""state"": ""AISNE""}"
mairiechamouille@wanadoo.fr,CHAMOUILLE,"{""nom_commune"": ""CHAMOUILLE"", ""departement_numero"": ""2"", ""zipcode"": ""02860"", ""population_commune"": ""263"", ""code_insee"": ""2158"", ""city"": ""CHAMOUILLE"", ""state"": ""AISNE""}"
communedechamps@orange.fr,CHAMPS,"{""nom_commune"": ""CHAMPS"", ""departement_numero"": ""2"", ""zipcode"": ""02670"", ""population_commune"": ""290"", ""code_insee"": ""2159"", ""city"": ""CHAMPS"", ""state"": ""AISNE""}"
mairie-de-champs@wanadoo.fr,CHAMPS,"{""nom_commune"": ""CHAMPS"", ""departement_numero"": ""63"", ""zipcode"": ""63440"", ""population_commune"": ""290"", ""code_insee"": ""2159"", ""city"": ""CHAMPS"", ""state"": ""AISNE""}"
mairiechaourse@orange.fr,CHAOURSE,"{""nom_commune"": ""CHAOURSE"", ""departement_numero"": ""2"", ""zipcode"": ""02340"", ""population_commune"": ""525"", ""code_insee"": ""2160"", ""city"": ""CHAOURSE"", ""state"": ""AISNE""}"
mairie.lachapellesurchezy@orange.fr,LA CHAPELLE-SUR-CHÉZY,"{""nom_commune"": ""LA CHAPELLE-SUR-CHÉZY"", ""departement_numero"": ""2"", ""zipcode"": ""02570"", ""population_commune"": ""283"", ""code_insee"": ""2162"", ""city"": ""LA CHAPELLE-SUR-CHÉZY"", ""state"": ""AISNE""}"
contact@charly-sur-marne.fr,CHARLY-SUR-MARNE,"{""nom_commune"": ""CHARLY-SUR-MARNE"", ""departement_numero"": ""2"", ""zipcode"": ""02310"", ""population_commune"": ""2711"", ""code_insee"": ""2163"", ""city"": ""CHARLY-SUR-MARNE"", ""state"": ""AISNE""}"
mairie.lecharmel@orange.fr,LE CHARMEL,"{""nom_commune"": ""LE CHARMEL"", ""departement_numero"": ""2"", ""zipcode"": ""02850"", ""population_commune"": ""323"", ""code_insee"": ""2164"", ""city"": ""LE CHARMEL"", ""state"": ""AISNE""}"
mairie-charmes@wanadoo.fr,CHARMES,"{""nom_commune"": ""CHARMES"", ""departement_numero"": ""2"", ""zipcode"": ""02800"", ""population_commune"": ""1651"", ""code_insee"": ""2165"", ""city"": ""CHARMES"", ""state"": ""AISNE""}"
charmes.mairie@orange.fr,CHARMES,"{""nom_commune"": ""CHARMES"", ""departement_numero"": ""3"", ""zipcode"": ""03800"", ""population_commune"": ""1651"", ""code_insee"": ""2165"", ""city"": ""CHARMES"", ""state"": ""AISNE""}"
mairie.charmes21@gmail.com,CHARMES,"{""nom_commune"": ""CHARMES"", ""departement_numero"": ""21"", ""zipcode"": ""21310"", ""population_commune"": ""1651"", ""code_insee"": ""2165"", ""city"": ""CHARMES"", ""state"": ""AISNE""}"
commune-charmes-les-langres@orange.fr,CHARMES,"{""nom_commune"": ""CHARMES"", ""departement_numero"": ""52"", ""zipcode"": ""52360"", ""population_commune"": ""1651"", ""code_insee"": ""2165"", ""city"": ""CHARMES"", ""state"": ""AISNE""}"
contact@mairie-charmes.fr,CHARMES,"{""nom_commune"": ""CHARMES"", ""departement_numero"": ""88"", ""zipcode"": ""88131"", ""population_commune"": ""1651"", ""code_insee"": ""2165"", ""city"": ""CHARMES"", ""state"": ""AISNE""}"
mairie.charteves@orange.fr,CHARTÈVES,"{""nom_commune"": ""CHARTÈVES"", ""departement_numero"": ""2"", ""zipcode"": ""02400"", ""population_commune"": ""364"", ""code_insee"": ""2166"", ""city"": ""CHARTÈVES"", ""state"": ""AISNE""}"
commune.chassemy@orange.fr,CHASSEMY,"{""nom_commune"": ""CHASSEMY"", ""departement_numero"": ""2"", ""zipcode"": ""02370"", ""population_commune"": ""807"", ""code_insee"": ""2167"", ""city"": ""CHASSEMY"", ""state"": ""AISNE""}"
contact@ville-chateau-thierry.fr,CHÂTEAU-THIERRY,"{""nom_commune"": ""CHÂTEAU-THIERRY"", ""departement_numero"": ""2"", ""zipcode"": ""02400"", ""population_commune"": ""14413"", ""code_insee"": ""2168"", ""city"": ""CHÂTEAU-THIERRY"", ""state"": ""AISNE""}"
mairiechatillon02@orange.fr,CHÂTILLON-LÈS-SONS,"{""nom_commune"": ""CHÂTILLON-LÈS-SONS"", ""departement_numero"": ""2"", ""zipcode"": ""02270"", ""population_commune"": ""85"", ""code_insee"": ""2169"", ""city"": ""CHÂTILLON-LÈS-SONS"", ""state"": ""AISNE""}"
chatillonsuroise@orange.fr,CHÂTILLON-SUR-OISE,"{""nom_commune"": ""CHÂTILLON-SUR-OISE"", ""departement_numero"": ""2"", ""zipcode"": ""02240"", ""population_commune"": ""126"", ""code_insee"": ""2170"", ""city"": ""CHÂTILLON-SUR-OISE"", ""state"": ""AISNE""}"
mairie.chaudun@orange.fr,CHAUDUN,"{""nom_commune"": ""CHAUDUN"", ""departement_numero"": ""2"", ""zipcode"": ""02200"", ""population_commune"": ""258"", ""code_insee"": ""2172"", ""city"": ""CHAUDUN"", ""state"": ""AISNE""}"
mairie@ville-chauny.fr,CHAUNY,"{""nom_commune"": ""CHAUNY"", ""departement_numero"": ""2"", ""zipcode"": ""02300"", ""population_commune"": ""11771"", ""code_insee"": ""2173"", ""city"": ""CHAUNY"", ""state"": ""AISNE""}"
chavignon.mairie@wanadoo.fr,CHAVIGNON,"{""nom_commune"": ""CHAVIGNON"", ""departement_numero"": ""2"", ""zipcode"": ""02000"", ""population_commune"": ""760"", ""code_insee"": ""2174"", ""city"": ""CHAVIGNON"", ""state"": ""AISNE""}"
mairie-chavigny@laposte.net,CHAVIGNY,"{""nom_commune"": ""CHAVIGNY"", ""departement_numero"": ""2"", ""zipcode"": ""02880"", ""population_commune"": ""146"", ""code_insee"": ""2175"", ""city"": ""CHAVIGNY"", ""state"": ""AISNE""}"
accueil@ville-chavigny.fr,CHAVIGNY,"{""nom_commune"": ""CHAVIGNY"", ""departement_numero"": ""54"", ""zipcode"": ""54230"", ""population_commune"": ""146"", ""code_insee"": ""2175"", ""city"": ""CHAVIGNY"", ""state"": ""AISNE""}"
mairiedechavonne@wanadoo.fr,CHAVONNE,"{""nom_commune"": ""CHAVONNE"", ""departement_numero"": ""2"", ""zipcode"": ""02370"", ""population_commune"": ""191"", ""code_insee"": ""2176"", ""city"": ""CHAVONNE"", ""state"": ""AISNE""}"
mairie.chermizy.ailles@gmail.com,CHERMIZY-AILLES,"{""nom_commune"": ""CHERMIZY-AILLES"", ""departement_numero"": ""2"", ""zipcode"": ""02860"", ""population_commune"": ""101"", ""code_insee"": ""2178"", ""city"": ""CHERMIZY-AILLES"", ""state"": ""AISNE""}"
mairiecherychartreuve02@orange.fr,CHÉRY-CHARTREUVE,"{""nom_commune"": ""CHÉRY-CHARTREUVE"", ""departement_numero"": ""2"", ""zipcode"": ""02220"", ""population_commune"": ""339"", ""code_insee"": ""2179"", ""city"": ""CHÉRY-CHARTREUVE"", ""state"": ""AISNE""}"
mairie.cherylespouilly@orange.fr,CHÉRY-LÈS-POUILLY,"{""nom_commune"": ""CHÉRY-LÈS-POUILLY"", ""departement_numero"": ""2"", ""zipcode"": ""02000"", ""population_commune"": ""676"", ""code_insee"": ""2180"", ""city"": ""CHÉRY-LÈS-POUILLY"", ""state"": ""AISNE""}"
cherylesrozoy@gmail.com,CHÉRY-LÈS-ROZOY,"{""nom_commune"": ""CHÉRY-LÈS-ROZOY"", ""departement_numero"": ""2"", ""zipcode"": ""02360"", ""population_commune"": ""107"", ""code_insee"": ""2181"", ""city"": ""CHÉRY-LÈS-ROZOY"", ""state"": ""AISNE""}"
mairie.chevennes@orange.fr,CHEVENNES,"{""nom_commune"": ""CHEVENNES"", ""departement_numero"": ""2"", ""zipcode"": ""02250"", ""population_commune"": ""141"", ""code_insee"": ""2182"", ""city"": ""CHEVENNES"", ""state"": ""AISNE""}"
commune-chevregny@orange.fr,CHEVREGNY,"{""nom_commune"": ""CHEVREGNY"", ""departement_numero"": ""2"", ""zipcode"": ""02000"", ""population_commune"": ""194"", ""code_insee"": ""2183"", ""city"": ""CHEVREGNY"", ""state"": ""AISNE""}"
mairie.chevresismonceau@orange.fr,CHEVRESIS-MONCEAU,"{""nom_commune"": ""CHEVRESIS-MONCEAU"", ""departement_numero"": ""2"", ""zipcode"": ""02270"", ""population_commune"": ""363"", ""code_insee"": ""2184"", ""city"": ""CHEVRESIS-MONCEAU"", ""state"": ""AISNE""}"
mairie@chezyenorxois.fr,CHÉZY-EN-ORXOIS,"{""nom_commune"": ""CHÉZY-EN-ORXOIS"", ""departement_numero"": ""2"", ""zipcode"": ""02810"", ""population_commune"": ""362"", ""code_insee"": ""2185"", ""city"": ""CHÉZY-EN-ORXOIS"", ""state"": ""AISNE""}"
chezysurmarne1@wanadoo.fr,CHÉZY-SUR-MARNE,"{""nom_commune"": ""CHÉZY-SUR-MARNE"", ""departement_numero"": ""2"", ""zipcode"": ""02570"", ""population_commune"": ""1320"", ""code_insee"": ""2186"", ""city"": ""CHÉZY-SUR-MARNE"", ""state"": ""AISNE""}"
mairiedechierry@orange.fr,CHIERRY,"{""nom_commune"": ""CHIERRY"", ""departement_numero"": ""2"", ""zipcode"": ""02400"", ""population_commune"": ""1048"", ""code_insee"": ""2187"", ""city"": ""CHIERRY"", ""state"": ""AISNE""}"
mairie.chigny@wanadoo.fr,CHIGNY,"{""nom_commune"": ""CHIGNY"", ""departement_numero"": ""2"", ""zipcode"": ""02120"", ""population_commune"": ""146"", ""code_insee"": ""2188"", ""city"": ""CHIGNY"", ""state"": ""AISNE""}"
mairie.chivres-en-laonnois@sfr.fr,CHIVRES-EN-LAONNOIS,"{""nom_commune"": ""CHIVRES-EN-LAONNOIS"", ""departement_numero"": ""2"", ""zipcode"": ""02350"", ""population_commune"": ""370"", ""code_insee"": ""2189"", ""city"": ""CHIVRES-EN-LAONNOIS"", ""state"": ""AISNE""}"
mairie.chivres-val@wanadoo.fr,CHIVRES-VAL,"{""nom_commune"": ""CHIVRES-VAL"", ""departement_numero"": ""2"", ""zipcode"": ""02880"", ""population_commune"": ""584"", ""code_insee"": ""2190"", ""city"": ""CHIVRES-VAL"", ""state"": ""AISNE""}"
mairiedechouy@nordnet.fr,CHOUY,"{""nom_commune"": ""CHOUY"", ""departement_numero"": ""2"", ""zipcode"": ""02210"", ""population_commune"": ""395"", ""code_insee"": ""2192"", ""city"": ""CHOUY"", ""state"": ""AISNE""}"
mairiecierges02@orange.fr,CIERGES,"{""nom_commune"": ""CIERGES"", ""departement_numero"": ""2"", ""zipcode"": ""02130"", ""population_commune"": ""73"", ""code_insee"": ""2193"", ""city"": ""CIERGES"", ""state"": ""AISNE""}"
cilly@paysdelaserre.fr,CILLY,"{""nom_commune"": ""CILLY"", ""departement_numero"": ""2"", ""zipcode"": ""02250"", ""population_commune"": ""223"", ""code_insee"": ""2194"", ""city"": ""CILLY"", ""state"": ""AISNE""}"
mairie-cirysalsogne@orange.fr,CIRY-SALSOGNE,"{""nom_commune"": ""CIRY-SALSOGNE"", ""departement_numero"": ""2"", ""zipcode"": ""02220"", ""population_commune"": ""878"", ""code_insee"": ""2195"", ""city"": ""CIRY-SALSOGNE"", ""state"": ""AISNE""}"
mairie.clacy@wanadoo.fr,CLACY-ET-THIERRET,"{""nom_commune"": ""CLACY-ET-THIERRET"", ""departement_numero"": ""2"", ""zipcode"": ""02000"", ""population_commune"": ""341"", ""code_insee"": ""2196"", ""city"": ""CLACY-ET-THIERRET"", ""state"": ""AISNE""}"
clairfontainemairie@wanadoo.fr,CLAIRFONTAINE,"{""nom_commune"": ""CLAIRFONTAINE"", ""departement_numero"": ""2"", ""zipcode"": ""02260"", ""population_commune"": ""571"", ""code_insee"": ""2197"", ""city"": ""CLAIRFONTAINE"", ""state"": ""AISNE""}"
clamecy.mairie@wanadoo.fr,CLAMECY,"{""nom_commune"": ""CLAMECY"", ""departement_numero"": ""2"", ""zipcode"": ""02880"", ""population_commune"": ""222"", ""code_insee"": ""2198"", ""city"": ""CLAMECY"", ""state"": ""AISNE""}"
contact@mairie-clamecy.fr,CLAMECY,"{""nom_commune"": ""CLAMECY"", ""departement_numero"": ""58"", ""zipcode"": ""58500"", ""population_commune"": ""222"", ""code_insee"": ""2198"", ""city"": ""CLAMECY"", ""state"": ""AISNE""}"
mairie.clastres@orange.fr,CLASTRES,"{""nom_commune"": ""CLASTRES"", ""departement_numero"": ""2"", ""zipcode"": ""02440"", ""population_commune"": ""615"", ""code_insee"": ""2199"", ""city"": ""CLASTRES"", ""state"": ""AISNE""}"
mairie.clermontlesfermes@orange.fr,CLERMONT-LES-FERMES,"{""nom_commune"": ""CLERMONT-LES-FERMES"", ""departement_numero"": ""2"", ""zipcode"": ""02340"", ""population_commune"": ""123"", ""code_insee"": ""2200"", ""city"": ""CLERMONT-LES-FERMES"", ""state"": ""AISNE""}"
mairie.coincy57@orange.fr,COINCY,"{""nom_commune"": ""COINCY"", ""departement_numero"": ""57"", ""zipcode"": ""57530"", ""population_commune"": ""1312"", ""code_insee"": ""2203"", ""city"": ""COINCY"", ""state"": ""AISNE""}"
mairiedecoingt@orange.fr,COINGT,"{""nom_commune"": ""COINGT"", ""departement_numero"": ""2"", ""zipcode"": ""02360"", ""population_commune"": ""75"", ""code_insee"": ""2204"", ""city"": ""COINGT"", ""state"": ""AISNE""}"
mairie.colligis-crandelain@wanadoo.fr,COLLIGIS-CRANDELAIN,"{""nom_commune"": ""COLLIGIS-CRANDELAIN"", ""departement_numero"": ""2"", ""zipcode"": ""02860"", ""population_commune"": ""183"", ""code_insee"": ""2205"", ""city"": ""COLLIGIS-CRANDELAIN"", ""state"": ""AISNE""}"
mairie.colonfay@wanadoo.fr,COLONFAY,"{""nom_commune"": ""COLONFAY"", ""departement_numero"": ""2"", ""zipcode"": ""02120"", ""population_commune"": ""76"", ""code_insee"": ""2206"", ""city"": ""COLONFAY"", ""state"": ""AISNE""}"
commenchon2@wanadoo.fr,COMMENCHON,"{""nom_commune"": ""COMMENCHON"", ""departement_numero"": ""2"", ""zipcode"": ""02300"", ""population_commune"": ""193"", ""code_insee"": ""2207"", ""city"": ""COMMENCHON"", ""state"": ""AISNE""}"
mairie.concevreux@orange.fr,CONCEVREUX,"{""nom_commune"": ""CONCEVREUX"", ""departement_numero"": ""2"", ""zipcode"": ""02160"", ""population_commune"": ""263"", ""code_insee"": ""2208"", ""city"": ""CONCEVREUX"", ""state"": ""AISNE""}"
mairie.de.conde.en.brie@wanadoo.fr,CONDÉ-EN-BRIE,"{""nom_commune"": ""CONDÉ-EN-BRIE"", ""departement_numero"": ""2"", ""zipcode"": ""02330"", ""population_commune"": ""659"", ""code_insee"": ""2209"", ""city"": ""CONDÉ-EN-BRIE"", ""state"": ""AISNE""}"
communecondesuraisne@orange.fr,CONDÉ-SUR-AISNE,"{""nom_commune"": ""CONDÉ-SUR-AISNE"", ""departement_numero"": ""2"", ""zipcode"": ""02370"", ""population_commune"": ""417"", ""code_insee"": ""2210"", ""city"": ""CONDÉ-SUR-AISNE"", ""state"": ""AISNE""}"
condesursuippe@orange.fr,CONDÉ-SUR-SUIPPE,"{""nom_commune"": ""CONDÉ-SUR-SUIPPE"", ""departement_numero"": ""2"", ""zipcode"": ""02190"", ""population_commune"": ""222"", ""code_insee"": ""2211"", ""city"": ""CONDÉ-SUR-SUIPPE"", ""state"": ""AISNE""}"
mairie-condren@wanadoo.fr,CONDREN,"{""nom_commune"": ""CONDREN"", ""departement_numero"": ""2"", ""zipcode"": ""02700"", ""population_commune"": ""711"", ""code_insee"": ""2212"", ""city"": ""CONDREN"", ""state"": ""AISNE""}"
c.connigis@orange.fr,CONNIGIS,"{""nom_commune"": ""CONNIGIS"", ""departement_numero"": ""2"", ""zipcode"": ""02330"", ""population_commune"": ""320"", ""code_insee"": ""2213"", ""city"": ""CONNIGIS"", ""state"": ""AISNE""}"
mairie.contescourt@wanadoo.fr,CONTESCOURT,"{""nom_commune"": ""CONTESCOURT"", ""departement_numero"": ""2"", ""zipcode"": ""02680"", ""population_commune"": ""64"", ""code_insee"": ""2214"", ""city"": ""CONTESCOURT"", ""state"": ""AISNE""}"
mairie@corbeny.fr,CORBENY,"{""nom_commune"": ""CORBENY"", ""departement_numero"": ""2"", ""zipcode"": ""02820"", ""population_commune"": ""746"", ""code_insee"": ""2215"", ""city"": ""CORBENY"", ""state"": ""AISNE""}"
mairie.corcy@wanadoo.fr,CORCY,"{""nom_commune"": ""CORCY"", ""departement_numero"": ""2"", ""zipcode"": ""02600"", ""population_commune"": ""315"", ""code_insee"": ""2216"", ""city"": ""CORCY"", ""state"": ""AISNE""}"
mairie.coucy.le.chateau@gmail.com,COUCY-LE-CHÂTEAU-AUFFRIQUE,"{""nom_commune"": ""COUCY-LE-CHÂTEAU-AUFFRIQUE"", ""departement_numero"": ""2"", ""zipcode"": ""02380"", ""population_commune"": ""1064"", ""code_insee"": ""2217"", ""city"": ""COUCY-LE-CHÂTEAU-AUFFRIQUE"", ""state"": ""AISNE""}"
coucyleseppes@orange.fr,COUCY-LÈS-EPPES,"{""nom_commune"": ""COUCY-LÈS-EPPES"", ""departement_numero"": ""2"", ""zipcode"": ""02840"", ""population_commune"": ""587"", ""code_insee"": ""2218"", ""city"": ""COUCY-LÈS-EPPES"", ""state"": ""AISNE""}"
mairie.coucy.la.ville@wanadoo.fr,COUCY-LA-VILLE,"{""nom_commune"": ""COUCY-LA-VILLE"", ""departement_numero"": ""2"", ""zipcode"": ""02380"", ""population_commune"": ""214"", ""code_insee"": ""2219"", ""city"": ""COUCY-LA-VILLE"", ""state"": ""AISNE""}"
mairie.coulonges-cohan@orange.fr,COULONGES-COHAN,"{""nom_commune"": ""COULONGES-COHAN"", ""departement_numero"": ""2"", ""zipcode"": ""02130"", ""population_commune"": ""429"", ""code_insee"": ""2220"", ""city"": ""COULONGES-COHAN"", ""state"": ""AISNE""}"
mairie.coupru@wanadoo.fr,COUPRU,"{""nom_commune"": ""COUPRU"", ""departement_numero"": ""2"", ""zipcode"": ""02310"", ""population_commune"": ""196"", ""code_insee"": ""2221"", ""city"": ""COUPRU"", ""state"": ""AISNE""}"
commune-de-courbes@orange.fr,COURBES,"{""nom_commune"": ""COURBES"", ""departement_numero"": ""2"", ""zipcode"": ""02800"", ""population_commune"": ""34"", ""code_insee"": ""2222"", ""city"": ""COURBES"", ""state"": ""AISNE""}"
mairiedecourboin@wanadoo.fr,COURBOIN,"{""nom_commune"": ""COURBOIN"", ""departement_numero"": ""2"", ""zipcode"": ""02330"", ""population_commune"": ""300"", ""code_insee"": ""2223"", ""city"": ""COURBOIN"", ""state"": ""AISNE""}"
mairie-de-courchamps@orange.fr,COURCHAMPS,"{""nom_commune"": ""COURCHAMPS"", ""departement_numero"": ""2"", ""zipcode"": ""02810"", ""population_commune"": ""90"", ""code_insee"": ""2225"", ""city"": ""COURCHAMPS"", ""state"": ""AISNE""}"
mairie.courchamps@wanadoo.fr,COURCHAMPS,"{""nom_commune"": ""COURCHAMPS"", ""departement_numero"": ""49"", ""zipcode"": ""49260"", ""population_commune"": ""90"", ""code_insee"": ""2225"", ""city"": ""COURCHAMPS"", ""state"": ""AISNE""}"
mairie.de.courmelles@wanadoo.fr,COURMELLES,"{""nom_commune"": ""COURMELLES"", ""departement_numero"": ""2"", ""zipcode"": ""02200"", ""population_commune"": ""1708"", ""code_insee"": ""2226"", ""city"": ""COURMELLES"", ""state"": ""AISNE""}"
mairie.courmont@wanadoo.fr,COURMONT,"{""nom_commune"": ""COURMONT"", ""departement_numero"": ""2"", ""zipcode"": ""02130"", ""population_commune"": ""110"", ""code_insee"": ""2227"", ""city"": ""COURMONT"", ""state"": ""AISNE""}"
mairiecourmont@orange.fr,COURMONT,"{""nom_commune"": ""COURMONT"", ""departement_numero"": ""70"", ""zipcode"": ""70400"", ""population_commune"": ""110"", ""code_insee"": ""2227"", ""city"": ""COURMONT"", ""state"": ""AISNE""}"
courtemont.varennes@wanadoo.fr,COURTEMONT-VARENNES,"{""nom_commune"": ""COURTEMONT-VARENNES"", ""departement_numero"": ""2"", ""zipcode"": ""02850"", ""population_commune"": ""293"", ""code_insee"": ""2228"", ""city"": ""COURTEMONT-VARENNES"", ""state"": ""AISNE""}"
mairiedecouvrelles@orange.fr,COUVRELLES,"{""nom_commune"": ""COUVRELLES"", ""departement_numero"": ""2"", ""zipcode"": ""02220"", ""population_commune"": ""191"", ""code_insee"": ""2230"", ""city"": ""COUVRELLES"", ""state"": ""AISNE""}"
mairie@couvron.fr,COUVRON-ET-AUMENCOURT,"{""nom_commune"": ""COUVRON-ET-AUMENCOURT"", ""departement_numero"": ""2"", ""zipcode"": ""02270"", ""population_commune"": ""1324"", ""code_insee"": ""2231"", ""city"": ""COUVRON-ET-AUMENCOURT"", ""state"": ""AISNE""}"
coyolles@wanadoo.fr,COYOLLES,"{""nom_commune"": ""COYOLLES"", ""departement_numero"": ""2"", ""zipcode"": ""02600"", ""population_commune"": ""391"", ""code_insee"": ""2232"", ""city"": ""COYOLLES"", ""state"": ""AISNE""}"
mairie.cramaille@orange.fr,CRAMAILLE,"{""nom_commune"": ""CRAMAILLE"", ""departement_numero"": ""2"", ""zipcode"": ""02130"", ""population_commune"": ""131"", ""code_insee"": ""2233"", ""city"": ""CRAMAILLE"", ""state"": ""AISNE""}"
mairie.craonne@orange.fr,CRAONNE,"{""nom_commune"": ""CRAONNE"", ""departement_numero"": ""2"", ""zipcode"": ""02160"", ""population_commune"": ""77"", ""code_insee"": ""2234"", ""city"": ""CRAONNE"", ""state"": ""AISNE""}"
commune.craonnelle@orange.fr,CRAONNELLE,"{""nom_commune"": ""CRAONNELLE"", ""departement_numero"": ""2"", ""zipcode"": ""02160"", ""population_commune"": ""109"", ""code_insee"": ""2235"", ""city"": ""CRAONNELLE"", ""state"": ""AISNE""}"
mairie.crecyaumont@orange.fr,CRÉCY-AU-MONT,"{""nom_commune"": ""CRÉCY-AU-MONT"", ""departement_numero"": ""2"", ""zipcode"": ""02380"", ""population_commune"": ""286"", ""code_insee"": ""2236"", ""city"": ""CRÉCY-AU-MONT"", ""state"": ""AISNE""}"
commune.crecysurserre02@orange.fr,CRÉCY-SUR-SERRE,"{""nom_commune"": ""CRÉCY-SUR-SERRE"", ""departement_numero"": ""2"", ""zipcode"": ""02270"", ""population_commune"": ""1464"", ""code_insee"": ""2237"", ""city"": ""CRÉCY-SUR-SERRE"", ""state"": ""AISNE""}"
mairie.crepy@crepy-aisne.fr,CRÉPY,"{""nom_commune"": ""CRÉPY"", ""departement_numero"": ""2"", ""zipcode"": ""02870"", ""population_commune"": ""1921"", ""code_insee"": ""2238"", ""city"": ""CRÉPY"", ""state"": ""AISNE""}"
crepy.mairie@orange.fr,CRÉPY,"{""nom_commune"": ""CRÉPY"", ""departement_numero"": ""62"", ""zipcode"": ""62310"", ""population_commune"": ""1921"", ""code_insee"": ""2238"", ""city"": ""CRÉPY"", ""state"": ""AISNE""}"
contact@mairie-crezancy.fr,CRÉZANCY,"{""nom_commune"": ""CRÉZANCY"", ""departement_numero"": ""2"", ""zipcode"": ""02650"", ""population_commune"": ""1125"", ""code_insee"": ""2239"", ""city"": ""CRÉZANCY"", ""state"": ""AISNE""}"
mairie.lacroix02@orange.fr,LA CROIX-SUR-OURCQ,"{""nom_commune"": ""LA CROIX-SUR-OURCQ"", ""departement_numero"": ""2"", ""zipcode"": ""02210"", ""population_commune"": ""124"", ""code_insee"": ""2241"", ""city"": ""LA CROIX-SUR-OURCQ"", ""state"": ""AISNE""}"
communecrouttessurmarne@orange.fr,CROUTTES-SUR-MARNE,"{""nom_commune"": ""CROUTTES-SUR-MARNE"", ""departement_numero"": ""2"", ""zipcode"": ""02310"", ""population_commune"": ""644"", ""code_insee"": ""2242"", ""city"": ""CROUTTES-SUR-MARNE"", ""state"": ""AISNE""}"
mairie.crouy02@orange.fr,CROUY,"{""nom_commune"": ""CROUY"", ""departement_numero"": ""2"", ""zipcode"": ""02880"", ""population_commune"": ""2708"", ""code_insee"": ""2243"", ""city"": ""CROUY"", ""state"": ""AISNE""}"
mairie.crupilly@orange.fr,CRUPILLY,"{""nom_commune"": ""CRUPILLY"", ""departement_numero"": ""2"", ""zipcode"": ""02120"", ""population_commune"": ""71"", ""code_insee"": ""2244"", ""city"": ""CRUPILLY"", ""state"": ""AISNE""}"
mairie@cuffies.fr,CUFFIES,"{""nom_commune"": ""CUFFIES"", ""departement_numero"": ""2"", ""zipcode"": ""02880"", ""population_commune"": ""1739"", ""code_insee"": ""2245"", ""city"": ""CUFFIES"", ""state"": ""AISNE""}"
mairie.cugny@wanadoo.fr,CUGNY,"{""nom_commune"": ""CUGNY"", ""departement_numero"": ""2"", ""zipcode"": ""02480"", ""population_commune"": ""578"", ""code_insee"": ""2246"", ""city"": ""CUGNY"", ""state"": ""AISNE""}"
cuirieuxmairie@gmail.com,CUIRIEUX,"{""nom_commune"": ""CUIRIEUX"", ""departement_numero"": ""2"", ""zipcode"": ""02350"", ""population_commune"": ""161"", ""code_insee"": ""2248"", ""city"": ""CUIRIEUX"", ""state"": ""AISNE""}"
mairiecuiryhousse@orange.fr,CUIRY-HOUSSE,"{""nom_commune"": ""CUIRY-HOUSSE"", ""departement_numero"": ""2"", ""zipcode"": ""02220"", ""population_commune"": ""109"", ""code_insee"": ""2249"", ""city"": ""CUIRY-HOUSSE"", ""state"": ""AISNE""}"
mairiecuiry@orange.fr,CUIRY-LÈS-IVIERS,"{""nom_commune"": ""CUIRY-LÈS-IVIERS"", ""departement_numero"": ""2"", ""zipcode"": ""02360"", ""population_commune"": ""37"", ""code_insee"": ""2251"", ""city"": ""CUIRY-LÈS-IVIERS"", ""state"": ""AISNE""}"
commune-de-cuissy-et-geny@orange.fr,CUISSY-ET-GENY,"{""nom_commune"": ""CUISSY-ET-GENY"", ""departement_numero"": ""2"", ""zipcode"": ""02160"", ""population_commune"": ""65"", ""code_insee"": ""2252"", ""city"": ""CUISSY-ET-GENY"", ""state"": ""AISNE""}"
mairie@cuisyenalmont.fr,CUISY-EN-ALMONT,"{""nom_commune"": ""CUISY-EN-ALMONT"", ""departement_numero"": ""2"", ""zipcode"": ""02200"", ""population_commune"": ""324"", ""code_insee"": ""2253"", ""city"": ""CUISY-EN-ALMONT"", ""state"": ""AISNE""}"
mairie.coeuvres@wanadoo.fr,CUTRY,"{""nom_commune"": ""CUTRY"", ""departement_numero"": ""2"", ""zipcode"": ""02600"", ""population_commune"": ""118"", ""code_insee"": ""2254"", ""city"": ""CUTRY"", ""state"": ""AISNE""}"
mairie-de-cutry@wanadoo.fr,CUTRY,"{""nom_commune"": ""CUTRY"", ""departement_numero"": ""54"", ""zipcode"": ""54720"", ""population_commune"": ""118"", ""code_insee"": ""2254"", ""city"": ""CUTRY"", ""state"": ""AISNE""}"
mairie.cys.la.commune@orange.fr,CYS-LA-COMMUNE,"{""nom_commune"": ""CYS-LA-COMMUNE"", ""departement_numero"": ""2"", ""zipcode"": ""02220"", ""population_commune"": ""154"", ""code_insee"": ""2255"", ""city"": ""CYS-LA-COMMUNE"", ""state"": ""AISNE""}"
mairiededagny@orange.fr,DAGNY-LAMBERCY,"{""nom_commune"": ""DAGNY-LAMBERCY"", ""departement_numero"": ""2"", ""zipcode"": ""02140"", ""population_commune"": ""135"", ""code_insee"": ""2256"", ""city"": ""DAGNY-LAMBERCY"", ""state"": ""AISNE""}"
mairiededallon@nordnet.fr,DALLON,"{""nom_commune"": ""DALLON"", ""departement_numero"": ""2"", ""zipcode"": ""02680"", ""population_commune"": ""392"", ""code_insee"": ""2257"", ""city"": ""DALLON"", ""state"": ""AISNE""}"
commune-dammard@wanadoo.fr,DAMMARD,"{""nom_commune"": ""DAMMARD"", ""departement_numero"": ""2"", ""zipcode"": ""02470"", ""population_commune"": ""411"", ""code_insee"": ""2258"", ""city"": ""DAMMARD"", ""state"": ""AISNE""}"
mairie.dampleux@wanadoo.fr,DAMPLEUX,"{""nom_commune"": ""DAMPLEUX"", ""departement_numero"": ""2"", ""zipcode"": ""02600"", ""population_commune"": ""426"", ""code_insee"": ""2259"", ""city"": ""DAMPLEUX"", ""state"": ""AISNE""}"
mairiededanizy@wanadoo.fr,DANIZY,"{""nom_commune"": ""DANIZY"", ""departement_numero"": ""2"", ""zipcode"": ""02800"", ""population_commune"": ""580"", ""code_insee"": ""2260"", ""city"": ""DANIZY"", ""state"": ""AISNE""}"
mairie.dercy@wanadoo.fr,DERCY,"{""nom_commune"": ""DERCY"", ""departement_numero"": ""2"", ""zipcode"": ""02270"", ""population_commune"": ""368"", ""code_insee"": ""2261"", ""city"": ""DERCY"", ""state"": ""AISNE""}"
deuillet.mairie@orange.fr,DEUILLET,"{""nom_commune"": ""DEUILLET"", ""departement_numero"": ""2"", ""zipcode"": ""02700"", ""population_commune"": ""239"", ""code_insee"": ""2262"", ""city"": ""DEUILLET"", ""state"": ""AISNE""}"
s.m.s.longuevalbarbonval@wanadoo.fr,DHUIZEL,"{""nom_commune"": ""DHUIZEL"", ""departement_numero"": ""2"", ""zipcode"": ""02220"", ""population_commune"": ""117"", ""code_insee"": ""2263"", ""city"": ""DHUIZEL"", ""state"": ""AISNE""}"
mairie-dizy-le-gros@wanadoo.fr,DIZY-LE-GROS,"{""nom_commune"": ""DIZY-LE-GROS"", ""departement_numero"": ""2"", ""zipcode"": ""02340"", ""population_commune"": ""789"", ""code_insee"": ""2264"", ""city"": ""DIZY-LE-GROS"", ""state"": ""AISNE""}"
mairie.dohis@free.fr,DOHIS,"{""nom_commune"": ""DOHIS"", ""departement_numero"": ""2"", ""zipcode"": ""02360"", ""population_commune"": ""99"", ""code_insee"": ""2265"", ""city"": ""DOHIS"", ""state"": ""AISNE""}"
mairie-de-dolignon02@orange.fr,DOLIGNON,"{""nom_commune"": ""DOLIGNON"", ""departement_numero"": ""2"", ""zipcode"": ""02360"", ""population_commune"": ""57"", ""code_insee"": ""2266"", ""city"": ""DOLIGNON"", ""state"": ""AISNE""}"
mairie.dommiers@orange.fr,DOMMIERS,"{""nom_commune"": ""DOMMIERS"", ""departement_numero"": ""2"", ""zipcode"": ""02600"", ""population_commune"": ""289"", ""code_insee"": ""2267"", ""city"": ""DOMMIERS"", ""state"": ""AISNE""}"
mairie.domptin@wanadoo.fr,DOMPTIN,"{""nom_commune"": ""DOMPTIN"", ""departement_numero"": ""2"", ""zipcode"": ""02310"", ""population_commune"": ""670"", ""code_insee"": ""2268"", ""city"": ""DOMPTIN"", ""state"": ""AISNE""}"
mairie.dorengt@orange.fr,DORENGT,"{""nom_commune"": ""DORENGT"", ""departement_numero"": ""2"", ""zipcode"": ""02450"", ""population_commune"": ""156"", ""code_insee"": ""2269"", ""city"": ""DORENGT"", ""state"": ""AISNE""}"
mairie.douchy02@orange.fr,DOUCHY,"{""nom_commune"": ""DOUCHY"", ""departement_numero"": ""2"", ""zipcode"": ""02590"", ""population_commune"": ""151"", ""code_insee"": ""2270"", ""city"": ""DOUCHY"", ""state"": ""AISNE""}"
commune.dravegny@orange.fr,DRAVEGNY,"{""nom_commune"": ""DRAVEGNY"", ""departement_numero"": ""2"", ""zipcode"": ""02130"", ""population_commune"": ""147"", ""code_insee"": ""2271"", ""city"": ""DRAVEGNY"", ""state"": ""AISNE""}"
mairie.droizy@wanadoo.fr,DROIZY,"{""nom_commune"": ""DROIZY"", ""departement_numero"": ""2"", ""zipcode"": ""02210"", ""population_commune"": ""74"", ""code_insee"": ""2272"", ""city"": ""DROIZY"", ""state"": ""AISNE""}"
dury02.mairie@wanadoo.fr,DURY,"{""nom_commune"": ""DURY"", ""departement_numero"": ""2"", ""zipcode"": ""02480"", ""population_commune"": ""198"", ""code_insee"": ""2273"", ""city"": ""DURY"", ""state"": ""AISNE""}"
mairie@dury62.fr,DURY,"{""nom_commune"": ""DURY"", ""departement_numero"": ""62"", ""zipcode"": ""62156"", ""population_commune"": ""198"", ""code_insee"": ""2273"", ""city"": ""DURY"", ""state"": ""AISNE""}"
secretariat@dury80.com,DURY,"{""nom_commune"": ""DURY"", ""departement_numero"": ""80"", ""zipcode"": ""80480"", ""population_commune"": ""198"", ""code_insee"": ""2273"", ""city"": ""DURY"", ""state"": ""AISNE""}"
mairie.effry@orange.fr,EFFRY,"{""nom_commune"": ""EFFRY"", ""departement_numero"": ""2"", ""zipcode"": ""02500"", ""population_commune"": ""348"", ""code_insee"": ""2275"", ""city"": ""EFFRY"", ""state"": ""AISNE""}"
commune.englancourt@wanadoo.fr,ENGLANCOURT,"{""nom_commune"": ""ENGLANCOURT"", ""departement_numero"": ""2"", ""zipcode"": ""02260"", ""population_commune"": ""125"", ""code_insee"": ""2276"", ""city"": ""ENGLANCOURT"", ""state"": ""AISNE""}"
commune-epieds@orange.fr,EPIEDS,"{""nom_commune"": ""EPIEDS"", ""departement_numero"": ""27"", ""zipcode"": ""27730"", ""population_commune"": ""399"", ""code_insee"": ""2280"", ""city"": ""EPIEDS"", ""state"": ""AISNE""}"
mairie.eppes@orange.fr,EPPES,"{""nom_commune"": ""EPPES"", ""departement_numero"": ""2"", ""zipcode"": ""02840"", ""population_commune"": ""411"", ""code_insee"": ""2282"", ""city"": ""EPPES"", ""state"": ""AISNE""}"
mairiederlon@wanadoo.fr,ERLON,"{""nom_commune"": ""ERLON"", ""departement_numero"": ""2"", ""zipcode"": ""02250"", ""population_commune"": ""291"", ""code_insee"": ""2283"", ""city"": ""ERLON"", ""state"": ""AISNE""}"
mairie.erloy@wanadoo.fr,ERLOY,"{""nom_commune"": ""ERLOY"", ""departement_numero"": ""2"", ""zipcode"": ""02260"", ""population_commune"": ""91"", ""code_insee"": ""2284"", ""city"": ""ERLOY"", ""state"": ""AISNE""}"
mairie.esqueheries@wanadoo.fr,ESQUÉHÉRIES,"{""nom_commune"": ""ESQUÉHÉRIES"", ""departement_numero"": ""2"", ""zipcode"": ""02170"", ""population_commune"": ""848"", ""code_insee"": ""2286"", ""city"": ""ESQUÉHÉRIES"", ""state"": ""AISNE""}"
mairie.essigny.le.grand@wanadoo.fr,ESSIGNY-LE-GRAND,"{""nom_commune"": ""ESSIGNY-LE-GRAND"", ""departement_numero"": ""2"", ""zipcode"": ""02690"", ""population_commune"": ""1097"", ""code_insee"": ""2287"", ""city"": ""ESSIGNY-LE-GRAND"", ""state"": ""AISNE""}"
mairieessignylepetit@orange.fr,ESSIGNY-LE-PETIT,"{""nom_commune"": ""ESSIGNY-LE-PETIT"", ""departement_numero"": ""2"", ""zipcode"": ""02100"", ""population_commune"": ""381"", ""code_insee"": ""2288"", ""city"": ""ESSIGNY-LE-PETIT"", ""state"": ""AISNE""}"
mairie.essises@free.fr,ESSISES,"{""nom_commune"": ""ESSISES"", ""departement_numero"": ""2"", ""zipcode"": ""02570"", ""population_commune"": ""429"", ""code_insee"": ""2289"", ""city"": ""ESSISES"", ""state"": ""AISNE""}"
mairie@mairie-essomes.com,ESSÔMES-SUR-MARNE,"{""nom_commune"": ""ESSÔMES-SUR-MARNE"", ""departement_numero"": ""2"", ""zipcode"": ""02400"", ""population_commune"": ""2735"", ""code_insee"": ""2290"", ""city"": ""ESSÔMES-SUR-MARNE"", ""state"": ""AISNE""}"
estrees.mairie@wanadoo.fr,ESTRÉES,"{""nom_commune"": ""ESTRÉES"", ""departement_numero"": ""2"", ""zipcode"": ""02420"", ""population_commune"": ""421"", ""code_insee"": ""2291"", ""city"": ""ESTRÉES"", ""state"": ""AISNE""}"
mairie@estrees.fr,ESTRÉES,"{""nom_commune"": ""ESTRÉES"", ""departement_numero"": ""59"", ""zipcode"": ""59151"", ""population_commune"": ""421"", ""code_insee"": ""2291"", ""city"": ""ESTRÉES"", ""state"": ""AISNE""}"
mairiedefaverolles02@gmail.com,FAVEROLLES,"{""nom_commune"": ""FAVEROLLES"", ""departement_numero"": ""2"", ""zipcode"": ""02600"", ""population_commune"": ""332"", ""code_insee"": ""2302"", ""city"": ""FAVEROLLES"", ""state"": ""AISNE""}"
mairie-faverolles@orange.fr,FAVEROLLES,"{""nom_commune"": ""FAVEROLLES"", ""departement_numero"": ""28"", ""zipcode"": ""28210"", ""population_commune"": ""332"", ""code_insee"": ""2302"", ""city"": ""FAVEROLLES"", ""state"": ""AISNE""}"
commune.faverolles@wanadoo.fr,FAVEROLLES,"{""nom_commune"": ""FAVEROLLES"", ""departement_numero"": ""52"", ""zipcode"": ""52260"", ""population_commune"": ""332"", ""code_insee"": ""2302"", ""city"": ""FAVEROLLES"", ""state"": ""AISNE""}"
mairiefaverolles61@orange.fr,FAVEROLLES,"{""nom_commune"": ""FAVEROLLES"", ""departement_numero"": ""61"", ""zipcode"": ""61600"", ""population_commune"": ""332"", ""code_insee"": ""2302"", ""city"": ""FAVEROLLES"", ""state"": ""AISNE""}"
mairie.faverolles@wanadoo.fr,FAVEROLLES,"{""nom_commune"": ""FAVEROLLES"", ""departement_numero"": ""80"", ""zipcode"": ""80500"", ""population_commune"": ""332"", ""code_insee"": ""2302"", ""city"": ""FAVEROLLES"", ""state"": ""AISNE""}"
mairie.fayet@wanadoo.fr,FAYET,"{""nom_commune"": ""FAYET"", ""departement_numero"": ""2"", ""zipcode"": ""02100"", ""population_commune"": ""630"", ""code_insee"": ""2303"", ""city"": ""FAYET"", ""state"": ""AISNE""}"
mairiedefayet@orange.fr,FAYET,"{""nom_commune"": ""FAYET"", ""departement_numero"": ""12"", ""zipcode"": ""12360"", ""population_commune"": ""630"", ""code_insee"": ""2303"", ""city"": ""FAYET"", ""state"": ""AISNE""}"
mairie@ville-lafere.fr,LA FÈRE,"{""nom_commune"": ""LA FÈRE"", ""departement_numero"": ""2"", ""zipcode"": ""02800"", ""population_commune"": ""3054"", ""code_insee"": ""2304"", ""city"": ""LA FÈRE"", ""state"": ""AISNE""}"
contact@ville-ferentardenois.com,FÈRE-EN-TARDENOIS,"{""nom_commune"": ""FÈRE-EN-TARDENOIS"", ""departement_numero"": ""2"", ""zipcode"": ""02130"", ""population_commune"": ""3231"", ""code_insee"": ""2305"", ""city"": ""FÈRE-EN-TARDENOIS"", ""state"": ""AISNE""}"
mairie.lafertechevresis@orange.fr,LA FERTÉ-CHEVRESIS,"{""nom_commune"": ""LA FERTÉ-CHEVRESIS"", ""departement_numero"": ""2"", ""zipcode"": ""02270"", ""population_commune"": ""591"", ""code_insee"": ""2306"", ""city"": ""LA FERTÉ-CHEVRESIS"", ""state"": ""AISNE""}"
mairie.fertemilon@orange.fr,LA FERTÉ-MILON,"{""nom_commune"": ""LA FERTÉ-MILON"", ""departement_numero"": ""2"", ""zipcode"": ""02460"", ""population_commune"": ""2210"", ""code_insee"": ""2307"", ""city"": ""LA FERTÉ-MILON"", ""state"": ""AISNE""}"
mairie.fesmylesart@wanadoo.fr,FESMY-LE-SART,"{""nom_commune"": ""FESMY-LE-SART"", ""departement_numero"": ""2"", ""zipcode"": ""02450"", ""population_commune"": ""502"", ""code_insee"": ""2308"", ""city"": ""FESMY-LE-SART"", ""state"": ""AISNE""}"
mairiedefestieux@gmail.com,FESTIEUX,"{""nom_commune"": ""FESTIEUX"", ""departement_numero"": ""2"", ""zipcode"": ""02840"", ""population_commune"": ""640"", ""code_insee"": ""2309"", ""city"": ""FESTIEUX"", ""state"": ""AISNE""}"
mairiedefieulaine@gmail.com,FIEULAINE,"{""nom_commune"": ""FIEULAINE"", ""departement_numero"": ""2"", ""zipcode"": ""02110"", ""population_commune"": ""279"", ""code_insee"": ""2310"", ""city"": ""FIEULAINE"", ""state"": ""AISNE""}"
contact@mairie-filain.fr,FILAIN,"{""nom_commune"": ""FILAIN"", ""departement_numero"": ""70"", ""zipcode"": ""70230"", ""population_commune"": ""135"", ""code_insee"": ""2311"", ""city"": ""FILAIN"", ""state"": ""AISNE""}"
contact@la-flamengrie.fr,LA FLAMENGRIE,"{""nom_commune"": ""LA FLAMENGRIE"", ""departement_numero"": ""2"", ""zipcode"": ""02260"", ""population_commune"": ""1120"", ""code_insee"": ""2312"", ""city"": ""LA FLAMENGRIE"", ""state"": ""AISNE""}"
contact@laflamengrie-nord.fr,LA FLAMENGRIE,"{""nom_commune"": ""LA FLAMENGRIE"", ""departement_numero"": ""59"", ""zipcode"": ""59570"", ""population_commune"": ""1120"", ""code_insee"": ""2312"", ""city"": ""LA FLAMENGRIE"", ""state"": ""AISNE""}"
flavigny.beaurain@orange.fr,FLAVIGNY-LE-GRAND-ET-BEAURAIN,"{""nom_commune"": ""FLAVIGNY-LE-GRAND-ET-BEAURAIN"", ""departement_numero"": ""2"", ""zipcode"": ""02120"", ""population_commune"": ""483"", ""code_insee"": ""2313"", ""city"": ""FLAVIGNY-LE-GRAND-ET-BEAURAIN"", ""state"": ""AISNE""}"
mairie@flavy-le-martel.fr,FLAVY-LE-MARTEL,"{""nom_commune"": ""FLAVY-LE-MARTEL"", ""departement_numero"": ""2"", ""zipcode"": ""02520"", ""population_commune"": ""1628"", ""code_insee"": ""2315"", ""city"": ""FLAVY-LE-MARTEL"", ""state"": ""AISNE""}"
commune-de-fleury@orange.fr,FLEURY,"{""nom_commune"": ""FLEURY"", ""departement_numero"": ""2"", ""zipcode"": ""02600"", ""population_commune"": ""126"", ""code_insee"": ""2316"", ""city"": ""FLEURY"", ""state"": ""AISNE""}"
mairie.fleury2@wanadoo.fr,FLEURY,"{""nom_commune"": ""FLEURY"", ""departement_numero"": ""50"", ""zipcode"": ""50800"", ""population_commune"": ""126"", ""code_insee"": ""2316"", ""city"": ""FLEURY"", ""state"": ""AISNE""}"
mairie@fleury.fr,FLEURY,"{""nom_commune"": ""FLEURY"", ""departement_numero"": ""57"", ""zipcode"": ""57420"", ""population_commune"": ""126"", ""code_insee"": ""2316"", ""city"": ""FLEURY"", ""state"": ""AISNE""}"
mairie.fleury@orange.fr,FLEURY,"{""nom_commune"": ""FLEURY"", ""departement_numero"": ""60"", ""zipcode"": ""60240"", ""population_commune"": ""126"", ""code_insee"": ""2316"", ""city"": ""FLEURY"", ""state"": ""AISNE""}"
mairiedefleury1@nordnet.fr,FLEURY,"{""nom_commune"": ""FLEURY"", ""departement_numero"": ""62"", ""zipcode"": ""62134"", ""population_commune"": ""126"", ""code_insee"": ""2316"", ""city"": ""FLEURY"", ""state"": ""AISNE""}"
mairie.fleury@laposte.net,FLEURY,"{""nom_commune"": ""FLEURY"", ""departement_numero"": ""80"", ""zipcode"": ""80160"", ""population_commune"": ""126"", ""code_insee"": ""2316"", ""city"": ""FLEURY"", ""state"": ""AISNE""}"
mairie.fluquieres024@orange.fr,FLUQUIÈRES,"{""nom_commune"": ""FLUQUIÈRES"", ""departement_numero"": ""2"", ""zipcode"": ""02590"", ""population_commune"": ""214"", ""code_insee"": ""2317"", ""city"": ""FLUQUIÈRES"", ""state"": ""AISNE""}"
x-folembray@wanadoo.fr,FOLEMBRAY,"{""nom_commune"": ""FOLEMBRAY"", ""departement_numero"": ""2"", ""zipcode"": ""02670"", ""population_commune"": ""1466"", ""code_insee"": ""2318"", ""city"": ""FOLEMBRAY"", ""state"": ""AISNE""}"
mairiefontainelesclercs@gmail.com,FONTAINE-LÈS-CLERCS,"{""nom_commune"": ""FONTAINE-LÈS-CLERCS"", ""departement_numero"": ""2"", ""zipcode"": ""02680"", ""population_commune"": ""284"", ""code_insee"": ""2320"", ""city"": ""FONTAINE-LÈS-CLERCS"", ""state"": ""AISNE""}"
mairie.fontaine.les.vervins@wanadoo.fr,FONTAINE-LÈS-VERVINS,"{""nom_commune"": ""FONTAINE-LÈS-VERVINS"", ""departement_numero"": ""2"", ""zipcode"": ""02140"", ""population_commune"": ""984"", ""code_insee"": ""2321"", ""city"": ""FONTAINE-LÈS-VERVINS"", ""state"": ""AISNE""}"
mairie.fontaine-notre-dame0085@orange.fr,FONTAINE-NOTRE-DAME,"{""nom_commune"": ""FONTAINE-NOTRE-DAME"", ""departement_numero"": ""2"", ""zipcode"": ""02110"", ""population_commune"": ""382"", ""code_insee"": ""2322"", ""city"": ""FONTAINE-NOTRE-DAME"", ""state"": ""AISNE""}"
accueil@ville-de-fontainenotredame-59.fr,FONTAINE-NOTRE-DAME,"{""nom_commune"": ""FONTAINE-NOTRE-DAME"", ""departement_numero"": ""59"", ""zipcode"": ""59400"", ""population_commune"": ""382"", ""code_insee"": ""2322"", ""city"": ""FONTAINE-NOTRE-DAME"", ""state"": ""AISNE""}"
mairiedefontaineuterte@wanadoo.fr,FONTAINE-UTERTE,"{""nom_commune"": ""FONTAINE-UTERTE"", ""departement_numero"": ""2"", ""zipcode"": ""02110"", ""population_commune"": ""128"", ""code_insee"": ""2323"", ""city"": ""FONTAINE-UTERTE"", ""state"": ""AISNE""}"
commune.fontenelle@orange.fr,FONTENELLE,"{""nom_commune"": ""FONTENELLE"", ""departement_numero"": ""2"", ""zipcode"": ""02170"", ""population_commune"": ""283"", ""code_insee"": ""2324"", ""city"": ""FONTENELLE"", ""state"": ""AISNE""}"
mairie.fontenelle21@orange.fr,FONTENELLE,"{""nom_commune"": ""FONTENELLE"", ""departement_numero"": ""21"", ""zipcode"": ""21610"", ""population_commune"": ""283"", ""code_insee"": ""2324"", ""city"": ""FONTENELLE"", ""state"": ""AISNE""}"
mairie.fontenelle90@wanadoo.fr,FONTENELLE,"{""nom_commune"": ""FONTENELLE"", ""departement_numero"": ""90"", ""zipcode"": ""90340"", ""population_commune"": ""283"", ""code_insee"": ""2324"", ""city"": ""FONTENELLE"", ""state"": ""AISNE""}"
mairie.fontenoy@wanadoo.fr,FONTENOY,"{""nom_commune"": ""FONTENOY"", ""departement_numero"": ""2"", ""zipcode"": ""02290"", ""population_commune"": ""484"", ""code_insee"": ""2326"", ""city"": ""FONTENOY"", ""state"": ""AISNE""}"
mairie-fontenoy@orange.fr,FONTENOY,"{""nom_commune"": ""FONTENOY"", ""departement_numero"": ""89"", ""zipcode"": ""89520"", ""population_commune"": ""484"", ""code_insee"": ""2326"", ""city"": ""FONTENOY"", ""state"": ""AISNE""}"
communedeforeste@wanadoo.fr,FORESTE,"{""nom_commune"": ""FORESTE"", ""departement_numero"": ""2"", ""zipcode"": ""02590"", ""population_commune"": ""180"", ""code_insee"": ""2327"", ""city"": ""FORESTE"", ""state"": ""AISNE""}"
mairiedefossoy@wanadoo.fr,FOSSOY,"{""nom_commune"": ""FOSSOY"", ""departement_numero"": ""2"", ""zipcode"": ""02650"", ""population_commune"": ""571"", ""code_insee"": ""2328"", ""city"": ""FOSSOY"", ""state"": ""AISNE""}"
mairie.fourdrain@wanadoo.fr,FOURDRAIN,"{""nom_commune"": ""FOURDRAIN"", ""departement_numero"": ""2"", ""zipcode"": ""02870"", ""population_commune"": ""409"", ""code_insee"": ""2329"", ""city"": ""FOURDRAIN"", ""state"": ""AISNE""}"
mairie.de.francilly@wanadoo.fr,FRANCILLY-SELENCY,"{""nom_commune"": ""FRANCILLY-SELENCY"", ""departement_numero"": ""2"", ""zipcode"": ""02760"", ""population_commune"": ""457"", ""code_insee"": ""2330"", ""city"": ""FRANCILLY-SELENCY"", ""state"": ""AISNE""}"
mairie.franqueville1@orange.fr,FRANQUEVILLE,"{""nom_commune"": ""FRANQUEVILLE"", ""departement_numero"": ""2"", ""zipcode"": ""02140"", ""population_commune"": ""128"", ""code_insee"": ""2331"", ""city"": ""FRANQUEVILLE"", ""state"": ""AISNE""}"
mairie.franqueville@wanadoo.fr,FRANQUEVILLE,"{""nom_commune"": ""FRANQUEVILLE"", ""departement_numero"": ""27"", ""zipcode"": ""27800"", ""population_commune"": ""128"", ""code_insee"": ""2331"", ""city"": ""FRANQUEVILLE"", ""state"": ""AISNE""}"
mairie.franqueville@laposte.net,FRANQUEVILLE,"{""nom_commune"": ""FRANQUEVILLE"", ""departement_numero"": ""80"", ""zipcode"": ""80620"", ""population_commune"": ""128"", ""code_insee"": ""2331"", ""city"": ""FRANQUEVILLE"", ""state"": ""AISNE""}"
mairiedefresnes@orange.fr,FRESNES,"{""nom_commune"": ""FRESNES"", ""departement_numero"": ""21"", ""zipcode"": ""21500"", ""population_commune"": ""156"", ""code_insee"": ""2333"", ""city"": ""FRESNES"", ""state"": ""AISNE""}"
mairie.fresnes41@orange.fr,FRESNES,"{""nom_commune"": ""FRESNES"", ""departement_numero"": ""41"", ""zipcode"": ""41700"", ""population_commune"": ""156"", ""code_insee"": ""2333"", ""city"": ""FRESNES"", ""state"": ""AISNE""}"
mairie-fresnes@wanadoo.fr,FRESNES,"{""nom_commune"": ""FRESNES"", ""departement_numero"": ""89"", ""zipcode"": ""89310"", ""population_commune"": ""156"", ""code_insee"": ""2333"", ""city"": ""FRESNES"", ""state"": ""AISNE""}"
contact@mairie-fresnoylegrand.fr,FRESNOY-LE-GRAND,"{""nom_commune"": ""FRESNOY-LE-GRAND"", ""departement_numero"": ""2"", ""zipcode"": ""02230"", ""population_commune"": ""3087"", ""code_insee"": ""2334"", ""city"": ""FRESNOY-LE-GRAND"", ""state"": ""AISNE""}"
mairie.fressancourt@wanadoo.fr,FRESSANCOURT,"{""nom_commune"": ""FRESSANCOURT"", ""departement_numero"": ""2"", ""zipcode"": ""02800"", ""population_commune"": ""207"", ""code_insee"": ""2335"", ""city"": ""FRESSANCOURT"", ""state"": ""AISNE""}"
mairiefrieres-faillouel@wanadoo.fr,FRIÈRES-FAILLOUËL,"{""nom_commune"": ""FRIÈRES-FAILLOUËL"", ""departement_numero"": ""2"", ""zipcode"": ""02700"", ""population_commune"": ""999"", ""code_insee"": ""2336"", ""city"": ""FRIÈRES-FAILLOUËL"", ""state"": ""AISNE""}"
commune.froidestree@orange.fr,FROIDESTRÉES,"{""nom_commune"": ""FROIDESTRÉES"", ""departement_numero"": ""2"", ""zipcode"": ""02260"", ""population_commune"": ""208"", ""code_insee"": ""2337"", ""city"": ""FROIDESTRÉES"", ""state"": ""AISNE""}"
mairie.froidmont-cohartille@wanadoo.fr,FROIDMONT-COHARTILLE,"{""nom_commune"": ""FROIDMONT-COHARTILLE"", ""departement_numero"": ""2"", ""zipcode"": ""02270"", ""population_commune"": ""244"", ""code_insee"": ""2338"", ""city"": ""FROIDMONT-COHARTILLE"", ""state"": ""AISNE""}"
mairie-de-gandelu@wanadoo.fr,GANDELU,"{""nom_commune"": ""GANDELU"", ""departement_numero"": ""2"", ""zipcode"": ""02810"", ""population_commune"": ""679"", ""code_insee"": ""2339"", ""city"": ""GANDELU"", ""state"": ""AISNE""}"
cabinetdumaire@ville-gauchy.fr,GAUCHY,"{""nom_commune"": ""GAUCHY"", ""departement_numero"": ""2"", ""zipcode"": ""02430"", ""population_commune"": ""5406"", ""code_insee"": ""2340"", ""city"": ""GAUCHY"", ""state"": ""AISNE""}"
commune-de-gercy@orange.fr,GERCY,"{""nom_commune"": ""GERCY"", ""departement_numero"": ""2"", ""zipcode"": ""02140"", ""population_commune"": ""292"", ""code_insee"": ""2341"", ""city"": ""GERCY"", ""state"": ""AISNE""}"
commune-de-gergny@orange.fr,GERGNY,"{""nom_commune"": ""GERGNY"", ""departement_numero"": ""2"", ""zipcode"": ""02260"", ""population_commune"": ""152"", ""code_insee"": ""2342"", ""city"": ""GERGNY"", ""state"": ""AISNE""}"
mairie.germaine@wanadoo.fr,GERMAINE,"{""nom_commune"": ""GERMAINE"", ""departement_numero"": ""2"", ""zipcode"": ""02590"", ""population_commune"": ""65"", ""code_insee"": ""2343"", ""city"": ""GERMAINE"", ""state"": ""AISNE""}"
mairie-germaine@wanadoo.fr,GERMAINE,"{""nom_commune"": ""GERMAINE"", ""departement_numero"": ""51"", ""zipcode"": ""51160"", ""population_commune"": ""65"", ""code_insee"": ""2343"", ""city"": ""GERMAINE"", ""state"": ""AISNE""}"
mairie.gibercourt02@laposte.net,GIBERCOURT,"{""nom_commune"": ""GIBERCOURT"", ""departement_numero"": ""2"", ""zipcode"": ""02440"", ""population_commune"": ""47"", ""code_insee"": ""2345"", ""city"": ""GIBERCOURT"", ""state"": ""AISNE""}"
mairiegizy@wanadoo.fr,GIZY,"{""nom_commune"": ""GIZY"", ""departement_numero"": ""2"", ""zipcode"": ""02350"", ""population_commune"": ""681"", ""code_insee"": ""2346"", ""city"": ""GIZY"", ""state"": ""AISNE""}"
commune-de-gland@wanadoo.fr,GLAND,"{""nom_commune"": ""GLAND"", ""departement_numero"": ""2"", ""zipcode"": ""02400"", ""population_commune"": ""486"", ""code_insee"": ""2347"", ""city"": ""GLAND"", ""state"": ""AISNE""}"
mairie-gland@wanadoo.fr,GLAND,"{""nom_commune"": ""GLAND"", ""departement_numero"": ""89"", ""zipcode"": ""89740"", ""population_commune"": ""486"", ""code_insee"": ""2347"", ""city"": ""GLAND"", ""state"": ""AISNE""}"
mairie.goudelancourt-les-berrieux@orange.fr,GOUDELANCOURT-LÈS-BERRIEUX,"{""nom_commune"": ""GOUDELANCOURT-LÈS-BERRIEUX"", ""departement_numero"": ""2"", ""zipcode"": ""02820"", ""population_commune"": ""59"", ""code_insee"": ""2349"", ""city"": ""GOUDELANCOURT-LÈS-BERRIEUX"", ""state"": ""AISNE""}"
mairiegoud@orange.fr,GOUDELANCOURT-LÈS-PIERREPONT,"{""nom_commune"": ""GOUDELANCOURT-LÈS-PIERREPONT"", ""departement_numero"": ""2"", ""zipcode"": ""02350"", ""population_commune"": ""152"", ""code_insee"": ""2350"", ""city"": ""GOUDELANCOURT-LÈS-PIERREPONT"", ""state"": ""AISNE""}"
mairiegoussancourt@orange.fr,GOUSSANCOURT,"{""nom_commune"": ""GOUSSANCOURT"", ""departement_numero"": ""2"", ""zipcode"": ""02130"", ""population_commune"": ""114"", ""code_insee"": ""2351"", ""city"": ""GOUSSANCOURT"", ""state"": ""AISNE""}"
mairie.gouy@wanadoo.fr,GOUY,"{""nom_commune"": ""GOUY"", ""departement_numero"": ""2"", ""zipcode"": ""02420"", ""population_commune"": ""585"", ""code_insee"": ""2352"", ""city"": ""GOUY"", ""state"": ""AISNE""}"
secretariat.ville.gouy@wanadoo.fr,GOUY,"{""nom_commune"": ""GOUY"", ""departement_numero"": ""76"", ""zipcode"": ""76520"", ""population_commune"": ""585"", ""code_insee"": ""2352"", ""city"": ""GOUY"", ""state"": ""AISNE""}"
mairie.grandlup@wanadoo.fr,GRANDLUP-ET-FAY,"{""nom_commune"": ""GRANDLUP-ET-FAY"", ""departement_numero"": ""2"", ""zipcode"": ""02350"", ""population_commune"": ""314"", ""code_insee"": ""2353"", ""city"": ""GRANDLUP-ET-FAY"", ""state"": ""AISNE""}"
commune.grandrieux@orange.fr,GRANDRIEUX,"{""nom_commune"": ""GRANDRIEUX"", ""departement_numero"": ""2"", ""zipcode"": ""02360"", ""population_commune"": ""89"", ""code_insee"": ""2354"", ""city"": ""GRANDRIEUX"", ""state"": ""AISNE""}"
mairiedegricourt@gmail.com,GRICOURT,"{""nom_commune"": ""GRICOURT"", ""departement_numero"": ""2"", ""zipcode"": ""02100"", ""population_commune"": ""904"", ""code_insee"": ""2355"", ""city"": ""GRICOURT"", ""state"": ""AISNE""}"
mairie.grisolles02@gmail.com,GRISOLLES,"{""nom_commune"": ""GRISOLLES"", ""departement_numero"": ""2"", ""zipcode"": ""02210"", ""population_commune"": ""189"", ""code_insee"": ""2356"", ""city"": ""GRISOLLES"", ""state"": ""AISNE""}"
mairie@ville-grisolles82.fr,GRISOLLES,"{""nom_commune"": ""GRISOLLES"", ""departement_numero"": ""82"", ""zipcode"": ""82170"", ""population_commune"": ""189"", ""code_insee"": ""2356"", ""city"": ""GRISOLLES"", ""state"": ""AISNE""}"
mairie.gronard@orange.fr,GRONARD,"{""nom_commune"": ""GRONARD"", ""departement_numero"": ""2"", ""zipcode"": ""02140"", ""population_commune"": ""74"", ""code_insee"": ""2357"", ""city"": ""GRONARD"", ""state"": ""AISNE""}"
mairie.grougis@wanadoo.fr,GROUGIS,"{""nom_commune"": ""GROUGIS"", ""departement_numero"": ""2"", ""zipcode"": ""02110"", ""population_commune"": ""390"", ""code_insee"": ""2358"", ""city"": ""GROUGIS"", ""state"": ""AISNE""}"
mairiegrugies@gmail.com,GRUGIES,"{""nom_commune"": ""GRUGIES"", ""departement_numero"": ""2"", ""zipcode"": ""02680"", ""population_commune"": ""1149"", ""code_insee"": ""2359"", ""city"": ""GRUGIES"", ""state"": ""AISNE""}"
accueil-mairie@ville-guise.fr,GUISE,"{""nom_commune"": ""GUISE"", ""departement_numero"": ""2"", ""zipcode"": ""02120"", ""population_commune"": ""5173"", ""code_insee"": ""2361"", ""city"": ""GUISE"", ""state"": ""AISNE""}"
mairie.guivry@wanadoo.fr,GUIVRY,"{""nom_commune"": ""GUIVRY"", ""departement_numero"": ""2"", ""zipcode"": ""02300"", ""population_commune"": ""265"", ""code_insee"": ""2362"", ""city"": ""GUIVRY"", ""state"": ""AISNE""}"
mairie.guny@orange.fr,GUNY,"{""nom_commune"": ""GUNY"", ""departement_numero"": ""2"", ""zipcode"": ""02300"", ""population_commune"": ""450"", ""code_insee"": ""2363"", ""city"": ""GUNY"", ""state"": ""AISNE""}"
mairie.de.guyencourt@orange.fr,GUYENCOURT,"{""nom_commune"": ""GUYENCOURT"", ""departement_numero"": ""2"", ""zipcode"": ""02160"", ""population_commune"": ""221"", ""code_insee"": ""2364"", ""city"": ""GUYENCOURT"", ""state"": ""AISNE""}"
mairie-hannapes@wanadoo.fr,HANNAPES,"{""nom_commune"": ""HANNAPES"", ""departement_numero"": ""2"", ""zipcode"": ""02510"", ""population_commune"": ""296"", ""code_insee"": ""2366"", ""city"": ""HANNAPES"", ""state"": ""AISNE""}"
mairie.happencourt@wanadoo.fr,HAPPENCOURT,"{""nom_commune"": ""HAPPENCOURT"", ""departement_numero"": ""2"", ""zipcode"": ""02480"", ""population_commune"": ""144"", ""code_insee"": ""2367"", ""city"": ""HAPPENCOURT"", ""state"": ""AISNE""}"
mairie@haramont.fr,HARAMONT,"{""nom_commune"": ""HARAMONT"", ""departement_numero"": ""2"", ""zipcode"": ""02600"", ""population_commune"": ""603"", ""code_insee"": ""2368"", ""city"": ""HARAMONT"", ""state"": ""AISNE""}"
mairie.hargicourt@wanadoo.fr,HARGICOURT,"{""nom_commune"": ""HARGICOURT"", ""departement_numero"": ""2"", ""zipcode"": ""02420"", ""population_commune"": ""565"", ""code_insee"": ""2370"", ""city"": ""HARGICOURT"", ""state"": ""AISNE""}"
mairie@harly.fr,HARLY,"{""nom_commune"": ""HARLY"", ""departement_numero"": ""2"", ""zipcode"": ""02100"", ""population_commune"": ""1697"", ""code_insee"": ""2371"", ""city"": ""HARLY"", ""state"": ""AISNE""}"
mairie.hartennes-et-taux@orange.fr,HARTENNES-ET-TAUX,"{""nom_commune"": ""HARTENNES-ET-TAUX"", ""departement_numero"": ""2"", ""zipcode"": ""02210"", ""population_commune"": ""350"", ""code_insee"": ""2372"", ""city"": ""HARTENNES-ET-TAUX"", ""state"": ""AISNE""}"
mairie-hary@hary.fr,HARY,"{""nom_commune"": ""HARY"", ""departement_numero"": ""2"", ""zipcode"": ""02140"", ""population_commune"": ""223"", ""code_insee"": ""2373"", ""city"": ""HARY"", ""state"": ""AISNE""}"
mairielehaucourt@wanadoo.fr,LEHAUCOURT,"{""nom_commune"": ""LEHAUCOURT"", ""departement_numero"": ""2"", ""zipcode"": ""02420"", ""population_commune"": ""921"", ""code_insee"": ""2374"", ""city"": ""LEHAUCOURT"", ""state"": ""AISNE""}"
commune.hautevesnes@orange.fr,HAUTEVESNES,"{""nom_commune"": ""HAUTEVESNES"", ""departement_numero"": ""2"", ""zipcode"": ""02810"", ""population_commune"": ""159"", ""code_insee"": ""2375"", ""city"": ""HAUTEVESNES"", ""state"": ""AISNE""}"
mairiehauteville@wanadoo.fr,HAUTEVILLE,"{""nom_commune"": ""HAUTEVILLE"", ""departement_numero"": ""2"", ""zipcode"": ""02120"", ""population_commune"": ""165"", ""code_insee"": ""2376"", ""city"": ""HAUTEVILLE"", ""state"": ""AISNE""}"
hauteville.mairie@wanadoo.fr,HAUTEVILLE,"{""nom_commune"": ""HAUTEVILLE"", ""departement_numero"": ""8"", ""zipcode"": ""08300"", ""population_commune"": ""165"", ""code_insee"": ""2376"", ""city"": ""HAUTEVILLE"", ""state"": ""AISNE""}"
mairie.hauteville51@orange.fr,HAUTEVILLE,"{""nom_commune"": ""HAUTEVILLE"", ""departement_numero"": ""51"", ""zipcode"": ""51290"", ""population_commune"": ""165"", ""code_insee"": ""2376"", ""city"": ""HAUTEVILLE"", ""state"": ""AISNE""}"
commune.hauteville@wanadoo.fr,HAUTEVILLE,"{""nom_commune"": ""HAUTEVILLE"", ""departement_numero"": ""62"", ""zipcode"": ""62810"", ""population_commune"": ""165"", ""code_insee"": ""2376"", ""city"": ""HAUTEVILLE"", ""state"": ""AISNE""}"
mairie.hauteville@gmail.com,HAUTEVILLE,"{""nom_commune"": ""HAUTEVILLE"", ""departement_numero"": ""73"", ""zipcode"": ""73390"", ""population_commune"": ""165"", ""code_insee"": ""2376"", ""city"": ""HAUTEVILLE"", ""state"": ""AISNE""}"
mairie.haution@orange.fr,HAUTION,"{""nom_commune"": ""HAUTION"", ""departement_numero"": ""2"", ""zipcode"": ""02140"", ""population_commune"": ""150"", ""code_insee"": ""2377"", ""city"": ""HAUTION"", ""state"": ""AISNE""}"
mairie.la-herie@orange.fr,LA HÉRIE,"{""nom_commune"": ""LA HÉRIE"", ""departement_numero"": ""2"", ""zipcode"": ""02500"", ""population_commune"": ""151"", ""code_insee"": ""2378"", ""city"": ""LA HÉRIE"", ""state"": ""AISNE""}"
mairie.leherielavieville@wanadoo.fr,LE HÉRIE-LA-VIÉVILLE,"{""nom_commune"": ""LE HÉRIE-LA-VIÉVILLE"", ""departement_numero"": ""2"", ""zipcode"": ""02120"", ""population_commune"": ""241"", ""code_insee"": ""2379"", ""city"": ""LE HÉRIE-LA-VIÉVILLE"", ""state"": ""AISNE""}"
mairie.hinacourt@orange.fr,HINACOURT,"{""nom_commune"": ""HINACOURT"", ""departement_numero"": ""2"", ""zipcode"": ""02440"", ""population_commune"": ""33"", ""code_insee"": ""2380"", ""city"": ""HINACOURT"", ""state"": ""AISNE""}"
mairie@hirson.net,HIRSON,"{""nom_commune"": ""HIRSON"", ""departement_numero"": ""2"", ""zipcode"": ""02500"", ""population_commune"": ""9365"", ""code_insee"": ""2381"", ""city"": ""HIRSON"", ""state"": ""AISNE""}"
mairie-holnon2@wanadoo.fr,HOLNON,"{""nom_commune"": ""HOLNON"", ""departement_numero"": ""2"", ""zipcode"": ""02760"", ""population_commune"": ""1424"", ""code_insee"": ""2382"", ""city"": ""HOLNON"", ""state"": ""AISNE""}"
accueil@mairie-homblieres.fr,HOMBLIÈRES,"{""nom_commune"": ""HOMBLIÈRES"", ""departement_numero"": ""2"", ""zipcode"": ""02720"", ""population_commune"": ""1499"", ""code_insee"": ""2383"", ""city"": ""HOMBLIÈRES"", ""state"": ""AISNE""}"
communedehoury@orange.fr,HOURY,"{""nom_commune"": ""HOURY"", ""departement_numero"": ""2"", ""zipcode"": ""02140"", ""population_commune"": ""59"", ""code_insee"": ""2384"", ""city"": ""HOURY"", ""state"": ""AISNE""}"
mairiedehousset@orange.fr,HOUSSET,"{""nom_commune"": ""HOUSSET"", ""departement_numero"": ""2"", ""zipcode"": ""02250"", ""population_commune"": ""171"", ""code_insee"": ""2385"", ""city"": ""HOUSSET"", ""state"": ""AISNE""}"
mairie.iron02@orange.fr,IRON,"{""nom_commune"": ""IRON"", ""departement_numero"": ""2"", ""zipcode"": ""02510"", ""population_commune"": ""221"", ""code_insee"": ""2386"", ""city"": ""IRON"", ""state"": ""AISNE""}"
mairie.itancourt@orange.fr,ITANCOURT,"{""nom_commune"": ""ITANCOURT"", ""departement_numero"": ""2"", ""zipcode"": ""02240"", ""population_commune"": ""1102"", ""code_insee"": ""2387"", ""city"": ""ITANCOURT"", ""state"": ""AISNE""}"
iviers.codos@wanadoo.fr,IVIERS,"{""nom_commune"": ""IVIERS"", ""departement_numero"": ""2"", ""zipcode"": ""02360"", ""population_commune"": ""214"", ""code_insee"": ""2388"", ""city"": ""IVIERS"", ""state"": ""AISNE""}"
mairie.jaulgonne@wanadoo.fr,JAULGONNE,"{""nom_commune"": ""JAULGONNE"", ""departement_numero"": ""2"", ""zipcode"": ""02850"", ""population_commune"": ""663"", ""code_insee"": ""2389"", ""city"": ""JAULGONNE"", ""state"": ""AISNE""}"
mairie.jeancourt@nordnet.fr,JEANCOURT,"{""nom_commune"": ""JEANCOURT"", ""departement_numero"": ""2"", ""zipcode"": ""02490"", ""population_commune"": ""250"", ""code_insee"": ""2390"", ""city"": ""JEANCOURT"", ""state"": ""AISNE""}"
commune-de-jeantes@orange.fr,JEANTES,"{""nom_commune"": ""JEANTES"", ""departement_numero"": ""2"", ""zipcode"": ""02140"", ""population_commune"": ""221"", ""code_insee"": ""2391"", ""city"": ""JEANTES"", ""state"": ""AISNE""}"
mairie.joncourt@wanadoo.fr,JONCOURT,"{""nom_commune"": ""JONCOURT"", ""departement_numero"": ""2"", ""zipcode"": ""02420"", ""population_commune"": ""321"", ""code_insee"": ""2392"", ""city"": ""JONCOURT"", ""state"": ""AISNE""}"
commune.jouaignes@orange.fr,JOUAIGNES,"{""nom_commune"": ""JOUAIGNES"", ""departement_numero"": ""2"", ""zipcode"": ""02220"", ""population_commune"": ""163"", ""code_insee"": ""2393"", ""city"": ""JOUAIGNES"", ""state"": ""AISNE""}"
mairie.jumencourt@wanadoo.fr,JUMENCOURT,"{""nom_commune"": ""JUMENCOURT"", ""departement_numero"": ""2"", ""zipcode"": ""02380"", ""population_commune"": ""154"", ""code_insee"": ""2395"", ""city"": ""JUMENCOURT"", ""state"": ""AISNE""}"
mairie.jumigny@orange.fr,JUMIGNY,"{""nom_commune"": ""JUMIGNY"", ""departement_numero"": ""2"", ""zipcode"": ""02160"", ""population_commune"": ""67"", ""code_insee"": ""2396"", ""city"": ""JUMIGNY"", ""state"": ""AISNE""}"
accueil@mairie.jussy02.fr,JUSSY,"{""nom_commune"": ""JUSSY"", ""departement_numero"": ""2"", ""zipcode"": ""02480"", ""population_commune"": ""1236"", ""code_insee"": ""2397"", ""city"": ""JUSSY"", ""state"": ""AISNE""}"
mairie@jussy57130.fr,JUSSY,"{""nom_commune"": ""JUSSY"", ""departement_numero"": ""57"", ""zipcode"": ""57130"", ""population_commune"": ""1236"", ""code_insee"": ""2397"", ""city"": ""JUSSY"", ""state"": ""AISNE""}"
mairie.jussy@wanadoo.fr,JUSSY,"{""nom_commune"": ""JUSSY"", ""departement_numero"": ""89"", ""zipcode"": ""89290"", ""population_commune"": ""1236"", ""code_insee"": ""2397"", ""city"": ""JUSSY"", ""state"": ""AISNE""}"
mairiejuvigny02@orange.fr,JUVIGNY,"{""nom_commune"": ""JUVIGNY"", ""departement_numero"": ""2"", ""zipcode"": ""02880"", ""population_commune"": ""292"", ""code_insee"": ""2398"", ""city"": ""JUVIGNY"", ""state"": ""AISNE""}"
mairie@juvigny51.fr,JUVIGNY,"{""nom_commune"": ""JUVIGNY"", ""departement_numero"": ""51"", ""zipcode"": ""51150"", ""population_commune"": ""292"", ""code_insee"": ""2398"", ""city"": ""JUVIGNY"", ""state"": ""AISNE""}"
mairie@juvigny74.fr,JUVIGNY,"{""nom_commune"": ""JUVIGNY"", ""departement_numero"": ""74"", ""zipcode"": ""74100"", ""population_commune"": ""292"", ""code_insee"": ""2398"", ""city"": ""JUVIGNY"", ""state"": ""AISNE""}"
mairiejuvincourt@orange.fr,JUVINCOURT-ET-DAMARY,"{""nom_commune"": ""JUVINCOURT-ET-DAMARY"", ""departement_numero"": ""2"", ""zipcode"": ""02190"", ""population_commune"": ""519"", ""code_insee"": ""2399"", ""city"": ""JUVINCOURT-ET-DAMARY"", ""state"": ""AISNE""}"
mairie.laffaux@wanadoo.fr,LAFFAUX,"{""nom_commune"": ""LAFFAUX"", ""departement_numero"": ""2"", ""zipcode"": ""02880"", ""population_commune"": ""147"", ""code_insee"": ""2400"", ""city"": ""LAFFAUX"", ""state"": ""AISNE""}"
mairie.laigny@wanadoo.fr,LAIGNY,"{""nom_commune"": ""LAIGNY"", ""departement_numero"": ""2"", ""zipcode"": ""02140"", ""population_commune"": ""224"", ""code_insee"": ""2401"", ""city"": ""LAIGNY"", ""state"": ""AISNE""}"
mairie.lanchy02@orange.fr,LANCHY,"{""nom_commune"": ""LANCHY"", ""departement_numero"": ""2"", ""zipcode"": ""02590"", ""population_commune"": ""51"", ""code_insee"": ""2402"", ""city"": ""LANCHY"", ""state"": ""AISNE""}"
landifay@orange.fr,LANDIFAY-ET-BERTAIGNEMONT,"{""nom_commune"": ""LANDIFAY-ET-BERTAIGNEMONT"", ""departement_numero"": ""2"", ""zipcode"": ""02120"", ""population_commune"": ""289"", ""code_insee"": ""2403"", ""city"": ""LANDIFAY-ET-BERTAIGNEMONT"", ""state"": ""AISNE""}"
commune.landouzy-la-cour@orange.fr,LANDOUZY-LA-COUR,"{""nom_commune"": ""LANDOUZY-LA-COUR"", ""departement_numero"": ""2"", ""zipcode"": ""02140"", ""population_commune"": ""179"", ""code_insee"": ""2404"", ""city"": ""LANDOUZY-LA-COUR"", ""state"": ""AISNE""}"
landouzylaville-mairie@wanadoo.fr,LANDOUZY-LA-VILLE,"{""nom_commune"": ""LANDOUZY-LA-VILLE"", ""departement_numero"": ""2"", ""zipcode"": ""02140"", ""population_commune"": ""546"", ""code_insee"": ""2405"", ""city"": ""LANDOUZY-LA-VILLE"", ""state"": ""AISNE""}"
mairie.landricourt02@orange.fr,LANDRICOURT,"{""nom_commune"": ""LANDRICOURT"", ""departement_numero"": ""2"", ""zipcode"": ""02380"", ""population_commune"": ""129"", ""code_insee"": ""2406"", ""city"": ""LANDRICOURT"", ""state"": ""AISNE""}"
maire.landricourt@orange.fr,LANDRICOURT,"{""nom_commune"": ""LANDRICOURT"", ""departement_numero"": ""51"", ""zipcode"": ""51290"", ""population_commune"": ""129"", ""code_insee"": ""2406"", ""city"": ""LANDRICOURT"", ""state"": ""AISNE""}"
mairie.laniscourt@wanadoo.fr,LANISCOURT,"{""nom_commune"": ""LANISCOURT"", ""departement_numero"": ""2"", ""zipcode"": ""02000"", ""population_commune"": ""171"", ""code_insee"": ""2407"", ""city"": ""LANISCOURT"", ""state"": ""AISNE""}"
contact@ville-laon.fr,LAON,"{""nom_commune"": ""LAON"", ""departement_numero"": ""2"", ""zipcode"": ""02000"", ""population_commune"": ""25745"", ""code_insee"": ""2408"", ""city"": ""LAON"", ""state"": ""AISNE""}"
mairie@lappion.fr,LAPPION,"{""nom_commune"": ""LAPPION"", ""departement_numero"": ""2"", ""zipcode"": ""02150"", ""population_commune"": ""298"", ""code_insee"": ""2409"", ""city"": ""LAPPION"", ""state"": ""AISNE""}"
communelargnysurautomne@orange.fr,LARGNY-SUR-AUTOMNE,"{""nom_commune"": ""LARGNY-SUR-AUTOMNE"", ""departement_numero"": ""2"", ""zipcode"": ""02600"", ""population_commune"": ""231"", ""code_insee"": ""2410"", ""city"": ""LARGNY-SUR-AUTOMNE"", ""state"": ""AISNE""}"
mairie.latilly@orange.fr,LATILLY,"{""nom_commune"": ""LATILLY"", ""departement_numero"": ""2"", ""zipcode"": ""02210"", ""population_commune"": ""212"", ""code_insee"": ""2411"", ""city"": ""LATILLY"", ""state"": ""AISNE""}"
mairielaunoy@orange.fr,LAUNOY,"{""nom_commune"": ""LAUNOY"", ""departement_numero"": ""2"", ""zipcode"": ""02210"", ""population_commune"": ""102"", ""code_insee"": ""2412"", ""city"": ""LAUNOY"", ""state"": ""AISNE""}"
mairie.laval.en.laonnois@gmail.com,LAVAL-EN-LAONNOIS,"{""nom_commune"": ""LAVAL-EN-LAONNOIS"", ""departement_numero"": ""2"", ""zipcode"": ""02860"", ""population_commune"": ""255"", ""code_insee"": ""2413"", ""city"": ""LAVAL-EN-LAONNOIS"", ""state"": ""AISNE""}"
mairie.lavaqueresse@orange.fr,LAVAQUERESSE,"{""nom_commune"": ""LAVAQUERESSE"", ""departement_numero"": ""2"", ""zipcode"": ""02450"", ""population_commune"": ""215"", ""code_insee"": ""2414"", ""city"": ""LAVAQUERESSE"", ""state"": ""AISNE""}"
mairie.coeuvres@wanadoo.fr,LAVERSINE,"{""nom_commune"": ""LAVERSINE"", ""departement_numero"": ""2"", ""zipcode"": ""02600"", ""population_commune"": ""159"", ""code_insee"": ""2415"", ""city"": ""LAVERSINE"", ""state"": ""AISNE""}"
communedeleme02@orange.fr,LEMÉ,"{""nom_commune"": ""LEMÉ"", ""departement_numero"": ""2"", ""zipcode"": ""02140"", ""population_commune"": ""445"", ""code_insee"": ""2416"", ""city"": ""LEMÉ"", ""state"": ""AISNE""}"
mairie.lempire@wanadoo.fr,LEMPIRE,"{""nom_commune"": ""LEMPIRE"", ""departement_numero"": ""2"", ""zipcode"": ""02420"", ""population_commune"": ""110"", ""code_insee"": ""2417"", ""city"": ""LEMPIRE"", ""state"": ""AISNE""}"
mairiedelerzy@orange.fr,LERZY,"{""nom_commune"": ""LERZY"", ""departement_numero"": ""2"", ""zipcode"": ""02260"", ""population_commune"": ""217"", ""code_insee"": ""2418"", ""city"": ""LERZY"", ""state"": ""AISNE""}"
mairie.lesdins@wanadoo.fr,LESDINS,"{""nom_commune"": ""LESDINS"", ""departement_numero"": ""2"", ""zipcode"": ""02100"", ""population_commune"": ""847"", ""code_insee"": ""2420"", ""city"": ""LESDINS"", ""state"": ""AISNE""}"
mairielesges@orange.fr,LESGES,"{""nom_commune"": ""LESGES"", ""departement_numero"": ""2"", ""zipcode"": ""02220"", ""population_commune"": ""83"", ""code_insee"": ""2421"", ""city"": ""LESGES"", ""state"": ""AISNE""}"
mairie-de-lesquielles-saint-ger@wanadoo.fr,LESQUIELLES-SAINT-GERMAIN,"{""nom_commune"": ""LESQUIELLES-SAINT-GERMAIN"", ""departement_numero"": ""2"", ""zipcode"": ""02120"", ""population_commune"": ""840"", ""code_insee"": ""2422"", ""city"": ""LESQUIELLES-SAINT-GERMAIN"", ""state"": ""AISNE""}"
leuillysouscoucy@gmail.com,LEUILLY-SOUS-COUCY,"{""nom_commune"": ""LEUILLY-SOUS-COUCY"", ""departement_numero"": ""2"", ""zipcode"": ""02380"", ""population_commune"": ""404"", ""code_insee"": ""2423"", ""city"": ""LEUILLY-SOUS-COUCY"", ""state"": ""AISNE""}"
mairie.leury@orange.fr,LEURY,"{""nom_commune"": ""LEURY"", ""departement_numero"": ""2"", ""zipcode"": ""02880"", ""population_commune"": ""105"", ""code_insee"": ""2424"", ""city"": ""LEURY"", ""state"": ""AISNE""}"
commune-de-leuze@orange.fr,LEUZE,"{""nom_commune"": ""LEUZE"", ""departement_numero"": ""2"", ""zipcode"": ""02500"", ""population_commune"": ""165"", ""code_insee"": ""2425"", ""city"": ""LEUZE"", ""state"": ""AISNE""}"
mairie.levergies@orange.fr,LEVERGIES,"{""nom_commune"": ""LEVERGIES"", ""departement_numero"": ""2"", ""zipcode"": ""02420"", ""population_commune"": ""581"", ""code_insee"": ""2426"", ""city"": ""LEVERGIES"", ""state"": ""AISNE""}"
commune.licyclignon@wanadoo.fr,LICY-CLIGNON,"{""nom_commune"": ""LICY-CLIGNON"", ""departement_numero"": ""2"", ""zipcode"": ""02810"", ""population_commune"": ""84"", ""code_insee"": ""2428"", ""city"": ""LICY-CLIGNON"", ""state"": ""AISNE""}"
mairiedelierval@orange.fr,LIERVAL,"{""nom_commune"": ""LIERVAL"", ""departement_numero"": ""2"", ""zipcode"": ""02860"", ""population_commune"": ""114"", ""code_insee"": ""2429"", ""city"": ""LIERVAL"", ""state"": ""AISNE""}"
mairiedeliesse@wanadoo.fr,LIESSE-NOTRE-DAME,"{""nom_commune"": ""LIESSE-NOTRE-DAME"", ""departement_numero"": ""2"", ""zipcode"": ""02350"", ""population_commune"": ""1304"", ""code_insee"": ""2430"", ""city"": ""LIESSE-NOTRE-DAME"", ""state"": ""AISNE""}"
mairiedeliez02@wanadoo.fr,LIEZ,"{""nom_commune"": ""LIEZ"", ""departement_numero"": ""2"", ""zipcode"": ""02700"", ""population_commune"": ""428"", ""code_insee"": ""2431"", ""city"": ""LIEZ"", ""state"": ""AISNE""}"
accueil@mairieliez85.fr,LIEZ,"{""nom_commune"": ""LIEZ"", ""departement_numero"": ""85"", ""zipcode"": ""85420"", ""population_commune"": ""428"", ""code_insee"": ""2431"", ""city"": ""LIEZ"", ""state"": ""AISNE""}"
mairie-lime@orange.fr,LIMÉ,"{""nom_commune"": ""LIMÉ"", ""departement_numero"": ""2"", ""zipcode"": ""02220"", ""population_commune"": ""184"", ""code_insee"": ""2432"", ""city"": ""LIMÉ"", ""state"": ""AISNE""}"
mairielislet@gmail.com,LISLET,"{""nom_commune"": ""LISLET"", ""departement_numero"": ""2"", ""zipcode"": ""02340"", ""population_commune"": ""246"", ""code_insee"": ""2433"", ""city"": ""LISLET"", ""state"": ""AISNE""}"
mairielognylesaubenton@orange.fr,LOGNY-LÈS-AUBENTON,"{""nom_commune"": ""LOGNY-LÈS-AUBENTON"", ""departement_numero"": ""2"", ""zipcode"": ""02500"", ""population_commune"": ""77"", ""code_insee"": ""2435"", ""city"": ""LOGNY-LÈS-AUBENTON"", ""state"": ""AISNE""}"
mairie.longpont@orange.fr,LONGPONT,"{""nom_commune"": ""LONGPONT"", ""departement_numero"": ""2"", ""zipcode"": ""02600"", ""population_commune"": ""301"", ""code_insee"": ""2438"", ""city"": ""LONGPONT"", ""state"": ""AISNE""}"
communedelor@gmail.com,LOR,"{""nom_commune"": ""LOR"", ""departement_numero"": ""2"", ""zipcode"": ""02190"", ""population_commune"": ""144"", ""code_insee"": ""2440"", ""city"": ""LOR"", ""state"": ""AISNE""}"
mairie.loupeigne@orange.fr,LOUPEIGNE,"{""nom_commune"": ""LOUPEIGNE"", ""departement_numero"": ""2"", ""zipcode"": ""02130"", ""population_commune"": ""82"", ""code_insee"": ""2442"", ""city"": ""LOUPEIGNE"", ""state"": ""AISNE""}"
mairielucylebocage@wanadoo.fr,LUCY-LE-BOCAGE,"{""nom_commune"": ""LUCY-LE-BOCAGE"", ""departement_numero"": ""2"", ""zipcode"": ""02400"", ""population_commune"": ""179"", ""code_insee"": ""2443"", ""city"": ""LUCY-LE-BOCAGE"", ""state"": ""AISNE""}"
mairie@lugny-en-maconnais.fr,LUGNY,"{""nom_commune"": ""LUGNY"", ""departement_numero"": ""71"", ""zipcode"": ""71260"", ""population_commune"": ""121"", ""code_insee"": ""2444"", ""city"": ""LUGNY"", ""state"": ""AISNE""}"
commune.luzoir@orange.fr,LUZOIR,"{""nom_commune"": ""LUZOIR"", ""departement_numero"": ""2"", ""zipcode"": ""02500"", ""population_commune"": ""293"", ""code_insee"": ""2445"", ""city"": ""LUZOIR"", ""state"": ""AISNE""}"
commune.maast.et.violaine@orange.fr,MAAST-ET-VIOLAINE,"{""nom_commune"": ""MAAST-ET-VIOLAINE"", ""departement_numero"": ""2"", ""zipcode"": ""02220"", ""population_commune"": ""155"", ""code_insee"": ""2447"", ""city"": ""MAAST-ET-VIOLAINE"", ""state"": ""AISNE""}"
mairie.machecourt@orange.fr,MÂCHECOURT,"{""nom_commune"": ""MÂCHECOURT"", ""departement_numero"": ""2"", ""zipcode"": ""02350"", ""population_commune"": ""116"", ""code_insee"": ""2448"", ""city"": ""MÂCHECOURT"", ""state"": ""AISNE""}"
mairie.macogny@orange.fr,MACOGNY,"{""nom_commune"": ""MACOGNY"", ""departement_numero"": ""2"", ""zipcode"": ""02470"", ""population_commune"": ""83"", ""code_insee"": ""2449"", ""city"": ""MACOGNY"", ""state"": ""AISNE""}"
commune-de-macquigny@orange.fr,MACQUIGNY,"{""nom_commune"": ""MACQUIGNY"", ""departement_numero"": ""2"", ""zipcode"": ""02120"", ""population_commune"": ""375"", ""code_insee"": ""2450"", ""city"": ""MACQUIGNY"", ""state"": ""AISNE""}"
mairie-magny-la-fosse@orange.fr,MAGNY-LA-FOSSE,"{""nom_commune"": ""MAGNY-LA-FOSSE"", ""departement_numero"": ""2"", ""zipcode"": ""02420"", ""population_commune"": ""127"", ""code_insee"": ""2451"", ""city"": ""MAGNY-LA-FOSSE"", ""state"": ""AISNE""}"
mairie-maissemy@orange.fr,MAISSEMY,"{""nom_commune"": ""MAISSEMY"", ""departement_numero"": ""2"", ""zipcode"": ""02490"", ""population_commune"": ""244"", ""code_insee"": ""2452"", ""city"": ""MAISSEMY"", ""state"": ""AISNE""}"
mairie.maizy@wanadoo.fr,MAIZY,"{""nom_commune"": ""MAIZY"", ""departement_numero"": ""2"", ""zipcode"": ""02160"", ""population_commune"": ""431"", ""code_insee"": ""2453"", ""city"": ""MAIZY"", ""state"": ""AISNE""}"
commune-de-la-malmaison@orange.fr,LA MALMAISON,"{""nom_commune"": ""LA MALMAISON"", ""departement_numero"": ""2"", ""zipcode"": ""02190"", ""population_commune"": ""413"", ""code_insee"": ""2454"", ""city"": ""LA MALMAISON"", ""state"": ""AISNE""}"
malzy@orange.fr,MALZY,"{""nom_commune"": ""MALZY"", ""departement_numero"": ""2"", ""zipcode"": ""02120"", ""population_commune"": ""189"", ""code_insee"": ""2455"", ""city"": ""MALZY"", ""state"": ""AISNE""}"
manicamp@gmail.com,MANICAMP,"{""nom_commune"": ""MANICAMP"", ""departement_numero"": ""2"", ""zipcode"": ""02300"", ""population_commune"": ""314"", ""code_insee"": ""2456"", ""city"": ""MANICAMP"", ""state"": ""AISNE""}"
mairie.marchais@orange.fr,MARCHAIS,"{""nom_commune"": ""MARCHAIS"", ""departement_numero"": ""2"", ""zipcode"": ""02350"", ""population_commune"": ""376"", ""code_insee"": ""2457"", ""city"": ""MARCHAIS"", ""state"": ""AISNE""}"
commune-de-marcy@orange.fr,MARCY,"{""nom_commune"": ""MARCY"", ""departement_numero"": ""2"", ""zipcode"": ""02720"", ""population_commune"": ""163"", ""code_insee"": ""2459"", ""city"": ""MARCY"", ""state"": ""AISNE""}"
communedemarcy@wanadoo.fr,MARCY,"{""nom_commune"": ""MARCY"", ""departement_numero"": ""58"", ""zipcode"": ""58210"", ""population_commune"": ""163"", ""code_insee"": ""2459"", ""city"": ""MARCY"", ""state"": ""AISNE""}"
mairie@marcysuranse.fr,MARCY,"{""nom_commune"": ""MARCY"", ""departement_numero"": ""69"", ""zipcode"": ""69480"", ""population_commune"": ""163"", ""code_insee"": ""2459"", ""city"": ""MARCY"", ""state"": ""AISNE""}"
mairie.marcy02@wanadoo.fr,MARCY-SOUS-MARLE,"{""nom_commune"": ""MARCY-SOUS-MARLE"", ""departement_numero"": ""2"", ""zipcode"": ""02250"", ""population_commune"": ""220"", ""code_insee"": ""2460"", ""city"": ""MARCY-SOUS-MARLE"", ""state"": ""AISNE""}"
commune.marest-dampcourt@wanadoo.fr,MAREST-DAMPCOURT,"{""nom_commune"": ""MAREST-DAMPCOURT"", ""departement_numero"": ""2"", ""zipcode"": ""02300"", ""population_commune"": ""340"", ""code_insee"": ""2461"", ""city"": ""MAREST-DAMPCOURT"", ""state"": ""AISNE""}"
commune-mareuil-en-dole@orange.fr,MAREUIL-EN-DÔLE,"{""nom_commune"": ""MAREUIL-EN-DÔLE"", ""departement_numero"": ""2"", ""zipcode"": ""02130"", ""population_commune"": ""261"", ""code_insee"": ""2462"", ""city"": ""MAREUIL-EN-DÔLE"", ""state"": ""AISNE""}"
mairie.commune-de-marfontaine@orange.fr,MARFONTAINE,"{""nom_commune"": ""MARFONTAINE"", ""departement_numero"": ""2"", ""zipcode"": ""02140"", ""population_commune"": ""81"", ""code_insee"": ""2463"", ""city"": ""MARFONTAINE"", ""state"": ""AISNE""}"
margival.mairie@wanadoo.fr,MARGIVAL,"{""nom_commune"": ""MARGIVAL"", ""departement_numero"": ""2"", ""zipcode"": ""02880"", ""population_commune"": ""336"", ""code_insee"": ""2464"", ""city"": ""MARGIVAL"", ""state"": ""AISNE""}"
communemarigny@wanadoo.fr,MARIGNY-EN-ORXOIS,"{""nom_commune"": ""MARIGNY-EN-ORXOIS"", ""departement_numero"": ""2"", ""zipcode"": ""02810"", ""population_commune"": ""472"", ""code_insee"": ""2465"", ""city"": ""MARIGNY-EN-ORXOIS"", ""state"": ""AISNE""}"
mairie.marizysg@orange.fr,MARIZY-SAINTE-GENEVIÈVE,"{""nom_commune"": ""MARIZY-SAINTE-GENEVIÈVE"", ""departement_numero"": ""2"", ""zipcode"": ""02470"", ""population_commune"": ""132"", ""code_insee"": ""2466"", ""city"": ""MARIZY-SAINTE-GENEVIÈVE"", ""state"": ""AISNE""}"
commune-marizy-st-mard@orange.fr,MARIZY-SAINT-MARD,"{""nom_commune"": ""MARIZY-SAINT-MARD"", ""departement_numero"": ""2"", ""zipcode"": ""02470"", ""population_commune"": ""58"", ""code_insee"": ""2467"", ""city"": ""MARIZY-SAINT-MARD"", ""state"": ""AISNE""}"
contact@ville-marle.fr,MARLE,"{""nom_commune"": ""MARLE"", ""departement_numero"": ""2"", ""zipcode"": ""02250"", ""population_commune"": ""2375"", ""code_insee"": ""2468"", ""city"": ""MARLE"", ""state"": ""AISNE""}"
mairie.martigny@wanadoo.fr,MARTIGNY,"{""nom_commune"": ""MARTIGNY"", ""departement_numero"": ""2"", ""zipcode"": ""02500"", ""population_commune"": ""447"", ""code_insee"": ""2470"", ""city"": ""MARTIGNY"", ""state"": ""AISNE""}"
commune-de-martigny2@orange.fr,MARTIGNY,"{""nom_commune"": ""MARTIGNY"", ""departement_numero"": ""76"", ""zipcode"": ""76880"", ""population_commune"": ""447"", ""code_insee"": ""2470"", ""city"": ""MARTIGNY"", ""state"": ""AISNE""}"
mairie-martigny@wanadoo.fr,MARTIGNY-COURPIERRE,"{""nom_commune"": ""MARTIGNY-COURPIERRE"", ""departement_numero"": ""2"", ""zipcode"": ""02860"", ""population_commune"": ""120"", ""code_insee"": ""2471"", ""city"": ""MARTIGNY-COURPIERRE"", ""state"": ""AISNE""}"
mairie.mauregny-en-haye@orange.fr,MAUREGNY-EN-HAYE,"{""nom_commune"": ""MAUREGNY-EN-HAYE"", ""departement_numero"": ""2"", ""zipcode"": ""02820"", ""population_commune"": ""448"", ""code_insee"": ""2472"", ""city"": ""MAUREGNY-EN-HAYE"", ""state"": ""AISNE""}"
ville.mayot@wanadoo.fr,MAYOT,"{""nom_commune"": ""MAYOT"", ""departement_numero"": ""2"", ""zipcode"": ""02800"", ""population_commune"": ""180"", ""code_insee"": ""2473"", ""city"": ""MAYOT"", ""state"": ""AISNE""}"
mennessis.mairie@wanadoo.fr,MENNESSIS,"{""nom_commune"": ""MENNESSIS"", ""departement_numero"": ""2"", ""zipcode"": ""02700"", ""population_commune"": ""421"", ""code_insee"": ""2474"", ""city"": ""MENNESSIS"", ""state"": ""AISNE""}"
mairiedemenneville@wanadoo.fr,MENNEVILLE,"{""nom_commune"": ""MENNEVILLE"", ""departement_numero"": ""62"", ""zipcode"": ""62240"", ""population_commune"": ""409"", ""code_insee"": ""2475"", ""city"": ""MENNEVILLE"", ""state"": ""AISNE""}"
mairie.mennevret@wanadoo.fr,MENNEVRET,"{""nom_commune"": ""MENNEVRET"", ""departement_numero"": ""2"", ""zipcode"": ""02630"", ""population_commune"": ""654"", ""code_insee"": ""2476"", ""city"": ""MENNEVRET"", ""state"": ""AISNE""}"
mairie@mercin-et-vaux.fr,MERCIN-ET-VAUX,"{""nom_commune"": ""MERCIN-ET-VAUX"", ""departement_numero"": ""2"", ""zipcode"": ""02200"", ""population_commune"": ""943"", ""code_insee"": ""2477"", ""city"": ""MERCIN-ET-VAUX"", ""state"": ""AISNE""}"
mairie.merlieux@sfr.fr,MERLIEUX-ET-FOUQUEROLLES,"{""nom_commune"": ""MERLIEUX-ET-FOUQUEROLLES"", ""departement_numero"": ""2"", ""zipcode"": ""02000"", ""population_commune"": ""280"", ""code_insee"": ""2478"", ""city"": ""MERLIEUX-ET-FOUQUEROLLES"", ""state"": ""AISNE""}"
mairie.mesbrecourt@wanadoo.fr,MESBRECOURT-RICHECOURT,"{""nom_commune"": ""MESBRECOURT-RICHECOURT"", ""departement_numero"": ""2"", ""zipcode"": ""02270"", ""population_commune"": ""297"", ""code_insee"": ""2480"", ""city"": ""MESBRECOURT-RICHECOURT"", ""state"": ""AISNE""}"
mairie.mesnil-st-laurent@wanadoo.fr,MESNIL-SAINT-LAURENT,"{""nom_commune"": ""MESNIL-SAINT-LAURENT"", ""departement_numero"": ""2"", ""zipcode"": ""02720"", ""population_commune"": ""451"", ""code_insee"": ""2481"", ""city"": ""MESNIL-SAINT-LAURENT"", ""state"": ""AISNE""}"
mairiemeurival@orange.fr,MEURIVAL,"{""nom_commune"": ""MEURIVAL"", ""departement_numero"": ""2"", ""zipcode"": ""02160"", ""population_commune"": ""52"", ""code_insee"": ""2482"", ""city"": ""MEURIVAL"", ""state"": ""AISNE""}"
mairie.mezieres-oise@wanadoo.fr,MÉZIÈRES-SUR-OISE,"{""nom_commune"": ""MÉZIÈRES-SUR-OISE"", ""departement_numero"": ""2"", ""zipcode"": ""02240"", ""population_commune"": ""540"", ""code_insee"": ""2483"", ""city"": ""MÉZIÈRES-SUR-OISE"", ""state"": ""AISNE""}"
mairie.mezy.moulins@wanadoo.fr,MÉZY-MOULINS,"{""nom_commune"": ""MÉZY-MOULINS"", ""departement_numero"": ""2"", ""zipcode"": ""02650"", ""population_commune"": ""529"", ""code_insee"": ""2484"", ""city"": ""MÉZY-MOULINS"", ""state"": ""AISNE""}"
commune-missy-aux-bois@orange.fr,MISSY-AUX-BOIS,"{""nom_commune"": ""MISSY-AUX-BOIS"", ""departement_numero"": ""2"", ""zipcode"": ""02200"", ""population_commune"": ""111"", ""code_insee"": ""2485"", ""city"": ""MISSY-AUX-BOIS"", ""state"": ""AISNE""}"
mairie.missysuraisne@gmail.com,MISSY-SUR-AISNE,"{""nom_commune"": ""MISSY-SUR-AISNE"", ""departement_numero"": ""2"", ""zipcode"": ""02880"", ""population_commune"": ""682"", ""code_insee"": ""2487"", ""city"": ""MISSY-SUR-AISNE"", ""state"": ""AISNE""}"
hdv.molain02@orange.fr,MOLAIN,"{""nom_commune"": ""MOLAIN"", ""departement_numero"": ""2"", ""zipcode"": ""02110"", ""population_commune"": ""147"", ""code_insee"": ""2488"", ""city"": ""MOLAIN"", ""state"": ""AISNE""}"
mairie.molain@wanadoo.fr,MOLAIN,"{""nom_commune"": ""MOLAIN"", ""departement_numero"": ""39"", ""zipcode"": ""39800"", ""population_commune"": ""147"", ""code_insee"": ""2488"", ""city"": ""MOLAIN"", ""state"": ""AISNE""}"
mairie.molinchart@wanadoo.fr,MOLINCHART,"{""nom_commune"": ""MOLINCHART"", ""departement_numero"": ""2"", ""zipcode"": ""02000"", ""population_commune"": ""318"", ""code_insee"": ""2489"", ""city"": ""MOLINCHART"", ""state"": ""AISNE""}"
mairie.monampteuil@orange.fr,MONAMPTEUIL,"{""nom_commune"": ""MONAMPTEUIL"", ""departement_numero"": ""2"", ""zipcode"": ""02000"", ""population_commune"": ""134"", ""code_insee"": ""2490"", ""city"": ""MONAMPTEUIL"", ""state"": ""AISNE""}"
mlnf@orange.fr,MONCEAU-LE-NEUF-ET-FAUCOUZY,"{""nom_commune"": ""MONCEAU-LE-NEUF-ET-FAUCOUZY"", ""departement_numero"": ""2"", ""zipcode"": ""02270"", ""population_commune"": ""344"", ""code_insee"": ""2491"", ""city"": ""MONCEAU-LE-NEUF-ET-FAUCOUZY"", ""state"": ""AISNE""}"
mairie.monceau@wanadoo.fr,MONCEAU-LÈS-LEUPS,"{""nom_commune"": ""MONCEAU-LÈS-LEUPS"", ""departement_numero"": ""2"", ""zipcode"": ""02270"", ""population_commune"": ""470"", ""code_insee"": ""2492"", ""city"": ""MONCEAU-LÈS-LEUPS"", ""state"": ""AISNE""}"
mairie.monceaulewaast@orange.fr,MONCEAU-LE-WAAST,"{""nom_commune"": ""MONCEAU-LE-WAAST"", ""departement_numero"": ""2"", ""zipcode"": ""02840"", ""population_commune"": ""235"", ""code_insee"": ""2493"", ""city"": ""MONCEAU-LE-WAAST"", ""state"": ""AISNE""}"
monceausuroise@wanadoo.fr,MONCEAU-SUR-OISE,"{""nom_commune"": ""MONCEAU-SUR-OISE"", ""departement_numero"": ""2"", ""zipcode"": ""02120"", ""population_commune"": ""117"", ""code_insee"": ""2494"", ""city"": ""MONCEAU-SUR-OISE"", ""state"": ""AISNE""}"
mairie.mondrepuis@wanadoo.fr,MONDREPUIS,"{""nom_commune"": ""MONDREPUIS"", ""departement_numero"": ""2"", ""zipcode"": ""02500"", ""population_commune"": ""1003"", ""code_insee"": ""2495"", ""city"": ""MONDREPUIS"", ""state"": ""AISNE""}"
mairiemonnes@orange.fr,MONNES,"{""nom_commune"": ""MONNES"", ""departement_numero"": ""2"", ""zipcode"": ""02470"", ""population_commune"": ""121"", ""code_insee"": ""2496"", ""city"": ""MONNES"", ""state"": ""AISNE""}"
mons.mairie@wanadoo.fr,MONS-EN-LAONNOIS,"{""nom_commune"": ""MONS-EN-LAONNOIS"", ""departement_numero"": ""2"", ""zipcode"": ""02000"", ""population_commune"": ""1176"", ""code_insee"": ""2497"", ""city"": ""MONS-EN-LAONNOIS"", ""state"": ""AISNE""}"
mairie.montaigu02@wanadoo.fr,MONTAIGU,"{""nom_commune"": ""MONTAIGU"", ""departement_numero"": ""2"", ""zipcode"": ""02820"", ""population_commune"": ""749"", ""code_insee"": ""2498"", ""city"": ""MONTAIGU"", ""state"": ""AISNE""}"
mairie@montaigu-jura.fr,MONTAIGU,"{""nom_commune"": ""MONTAIGU"", ""departement_numero"": ""39"", ""zipcode"": ""39570"", ""population_commune"": ""749"", ""code_insee"": ""2498"", ""city"": ""MONTAIGU"", ""state"": ""AISNE""}"
mairiedemontbavin@wanadoo.fr,MONTBAVIN,"{""nom_commune"": ""MONTBAVIN"", ""departement_numero"": ""2"", ""zipcode"": ""02000"", ""population_commune"": ""44"", ""code_insee"": ""2499"", ""city"": ""MONTBAVIN"", ""state"": ""AISNE""}"
mairie-montbrehain@wanadoo.fr,MONTBREHAIN,"{""nom_commune"": ""MONTBREHAIN"", ""departement_numero"": ""2"", ""zipcode"": ""02110"", ""population_commune"": ""821"", ""code_insee"": ""2500"", ""city"": ""MONTBREHAIN"", ""state"": ""AISNE""}"
mairiemontcornet@wanadoo.fr,MONTCORNET,"{""nom_commune"": ""MONTCORNET"", ""departement_numero"": ""2"", ""zipcode"": ""02340"", ""population_commune"": ""1507"", ""code_insee"": ""2502"", ""city"": ""MONTCORNET"", ""state"": ""AISNE""}"
mairie.montcornet@orange.fr,MONTCORNET,"{""nom_commune"": ""MONTCORNET"", ""departement_numero"": ""8"", ""zipcode"": ""08090"", ""population_commune"": ""1507"", ""code_insee"": ""2502"", ""city"": ""MONTCORNET"", ""state"": ""AISNE""}"
mairiedemtdorigny@wanadoo.fr,MONT-D'ORIGNY,"{""nom_commune"": ""MONT-D'ORIGNY"", ""departement_numero"": ""2"", ""zipcode"": ""02390"", ""population_commune"": ""868"", ""code_insee"": ""2503"", ""city"": ""MONT-D'ORIGNY"", ""state"": ""AISNE""}"
mairiemontescourt@wanadoo.fr,MONTESCOURT-LIZEROLLES,"{""nom_commune"": ""MONTESCOURT-LIZEROLLES"", ""departement_numero"": ""2"", ""zipcode"": ""02440"", ""population_commune"": ""1691"", ""code_insee"": ""2504"", ""city"": ""MONTESCOURT-LIZEROLLES"", ""state"": ""AISNE""}"
mairie.demontfaucon@orange.fr,MONTFAUCON,"{""nom_commune"": ""MONTFAUCON"", ""departement_numero"": ""2"", ""zipcode"": ""02540"", ""population_commune"": ""190"", ""code_insee"": ""2505"", ""city"": ""MONTFAUCON"", ""state"": ""AISNE""}"
mairie@montfaucon25.fr,MONTFAUCON,"{""nom_commune"": ""MONTFAUCON"", ""departement_numero"": ""25"", ""zipcode"": ""25660"", ""population_commune"": ""190"", ""code_insee"": ""2505"", ""city"": ""MONTFAUCON"", ""state"": ""AISNE""}"
accueil@montfaucon.fr,MONTFAUCON,"{""nom_commune"": ""MONTFAUCON"", ""departement_numero"": ""30"", ""zipcode"": ""30150"", ""population_commune"": ""190"", ""code_insee"": ""2505"", ""city"": ""MONTFAUCON"", ""state"": ""AISNE""}"
mairiedemontfaucon@orange.fr,MONTFAUCON,"{""nom_commune"": ""MONTFAUCON"", ""departement_numero"": ""46"", ""zipcode"": ""46240"", ""population_commune"": ""190"", ""code_insee"": ""2505"", ""city"": ""MONTFAUCON"", ""state"": ""AISNE""}"
mairie@montgobert.com,MONTGOBERT,"{""nom_commune"": ""MONTGOBERT"", ""departement_numero"": ""2"", ""zipcode"": ""02600"", ""population_commune"": ""204"", ""code_insee"": ""2506"", ""city"": ""MONTGOBERT"", ""state"": ""AISNE""}"
commune.montgru@orange.fr,MONTGRU-SAINT-HILAIRE,"{""nom_commune"": ""MONTGRU-SAINT-HILAIRE"", ""departement_numero"": ""2"", ""zipcode"": ""02210"", ""population_commune"": ""34"", ""code_insee"": ""2507"", ""city"": ""MONTGRU-SAINT-HILAIRE"", ""state"": ""AISNE""}"
monthenault@wanadoo.fr,MONTHENAULT,"{""nom_commune"": ""MONTHENAULT"", ""departement_numero"": ""2"", ""zipcode"": ""02860"", ""population_commune"": ""129"", ""code_insee"": ""2508"", ""city"": ""MONTHENAULT"", ""state"": ""AISNE""}"
commune.monthiers@orange.fr,MONTHIERS,"{""nom_commune"": ""MONTHIERS"", ""departement_numero"": ""2"", ""zipcode"": ""02400"", ""population_commune"": ""149"", ""code_insee"": ""2509"", ""city"": ""MONTHIERS"", ""state"": ""AISNE""}"
monthurel.mairie@wanadoo.fr,MONTHUREL,"{""nom_commune"": ""MONTHUREL"", ""departement_numero"": ""2"", ""zipcode"": ""02330"", ""population_commune"": ""147"", ""code_insee"": ""2510"", ""city"": ""MONTHUREL"", ""state"": ""AISNE""}"
mairiedemontignyenarrouaise@nordnet.fr,MONTIGNY-EN-ARROUAISE,"{""nom_commune"": ""MONTIGNY-EN-ARROUAISE"", ""departement_numero"": ""2"", ""zipcode"": ""02110"", ""population_commune"": ""304"", ""code_insee"": ""2511"", ""city"": ""MONTIGNY-EN-ARROUAISE"", ""state"": ""AISNE""}"
mairie.montigny-lallier@orange.fr,MONTIGNY-L'ALLIER,"{""nom_commune"": ""MONTIGNY-L'ALLIER"", ""departement_numero"": ""2"", ""zipcode"": ""02810"", ""population_commune"": ""272"", ""code_insee"": ""2512"", ""city"": ""MONTIGNY-L'ALLIER"", ""state"": ""AISNE""}"
mairiemontigny.4.f@wanadoo.fr,MONTIGNY-LE-FRANC,"{""nom_commune"": ""MONTIGNY-LE-FRANC"", ""departement_numero"": ""2"", ""zipcode"": ""02250"", ""population_commune"": ""156"", ""code_insee"": ""2513"", ""city"": ""MONTIGNY-LE-FRANC"", ""state"": ""AISNE""}"
mairie@montigny-lengrain.fr,MONTIGNY-LENGRAIN,"{""nom_commune"": ""MONTIGNY-LENGRAIN"", ""departement_numero"": ""2"", ""zipcode"": ""02290"", ""population_commune"": ""677"", ""code_insee"": ""2514"", ""city"": ""MONTIGNY-LENGRAIN"", ""state"": ""AISNE""}"
montigny02@cegetel.net,MONTIGNY-LÈS-CONDÉ,"{""nom_commune"": ""MONTIGNY-LÈS-CONDÉ"", ""departement_numero"": ""2"", ""zipcode"": ""02330"", ""population_commune"": ""82"", ""code_insee"": ""2515"", ""city"": ""MONTIGNY-LÈS-CONDÉ"", ""state"": ""AISNE""}"
mmontignysousmarle@gmail.com,MONTIGNY-SOUS-MARLE,"{""nom_commune"": ""MONTIGNY-SOUS-MARLE"", ""departement_numero"": ""2"", ""zipcode"": ""02250"", ""population_commune"": ""70"", ""code_insee"": ""2516"", ""city"": ""MONTIGNY-SOUS-MARLE"", ""state"": ""AISNE""}"
mairie.montignysurcrecy@orange.fr,MONTIGNY-SUR-CRÉCY,"{""nom_commune"": ""MONTIGNY-SUR-CRÉCY"", ""departement_numero"": ""2"", ""zipcode"": ""02270"", ""population_commune"": ""317"", ""code_insee"": ""2517"", ""city"": ""MONTIGNY-SUR-CRÉCY"", ""state"": ""AISNE""}"
mairiedemontlevon@wanadoo.fr,MONTLEVON,"{""nom_commune"": ""MONTLEVON"", ""departement_numero"": ""2"", ""zipcode"": ""02330"", ""population_commune"": ""259"", ""code_insee"": ""2518"", ""city"": ""MONTLEVON"", ""state"": ""AISNE""}"
mairiedemontloue@orange.fr,MONTLOUÉ,"{""nom_commune"": ""MONTLOUÉ"", ""departement_numero"": ""2"", ""zipcode"": ""02340"", ""population_commune"": ""156"", ""code_insee"": ""2519"", ""city"": ""MONTLOUÉ"", ""state"": ""AISNE""}"
mairie.montnotredame@wanadoo.fr,MONT-NOTRE-DAME,"{""nom_commune"": ""MONT-NOTRE-DAME"", ""departement_numero"": ""2"", ""zipcode"": ""02220"", ""population_commune"": ""697"", ""code_insee"": ""2520"", ""city"": ""MONT-NOTRE-DAME"", ""state"": ""AISNE""}"
accueil@montreuilauxlions.fr,MONTREUIL-AUX-LIONS,"{""nom_commune"": ""MONTREUIL-AUX-LIONS"", ""departement_numero"": ""2"", ""zipcode"": ""02310"", ""population_commune"": ""1396"", ""code_insee"": ""2521"", ""city"": ""MONTREUIL-AUX-LIONS"", ""state"": ""AISNE""}"
